npm warn ERESOLVE overriding peer dependency
npm warn While resolving: @opentelemetry/core@1.13.0
npm warn Found: @opentelemetry/api@1.9.1
npm warn node_modules/@opentelemetry/api
npm warn   @opentelemetry/api@"^1.2.0" from the root project
npm warn   43 more (@opentelemetry/api-logs, ...)
npm warn
npm warn Could not resolve dependency:
npm warn peer @opentelemetry/api@">=1.0.0 <1.5.0" from @opentelemetry/core@1.13.0
npm warn node_modules/@opentelemetry/instrumentation-http/node_modules/@opentelemetry/core
npm warn   @opentelemetry/core@"1.13.0" from @opentelemetry/instrumentation-http@0.39.1
npm warn   node_modules/@opentelemetry/instrumentation-http
npm warn
npm warn Conflicting peer dependency: @opentelemetry/api@1.4.1
npm warn node_modules/@opentelemetry/api
npm warn   peer @opentelemetry/api@">=1.0.0 <1.5.0" from @opentelemetry/core@1.13.0
npm warn   node_modules/@opentelemetry/instrumentation-http/node_modules/@opentelemetry/core
npm warn     @opentelemetry/core@"1.13.0" from @opentelemetry/instrumentation-http@0.39.1
npm warn     node_modules/@opentelemetry/instrumentation-http
npm warn tar TAR_ENTRY_ERROR ENOENT: no such file or directory, open 'C:\Users\USA\Documents\QueenPamela\Open-Audit\node_modules\prismjs\LICENSE'
npm warn tar ENOENT: Cannot cd into 'C:/Users/USA/Documents/QueenPamela/Open-Audit/node_modules/rimraf/node_modules/glob'
npm warn tar ENOENT: Cannot cd into 'C:/Users/USA/Documents/QueenPamela/Open-Audit/node_modules/eslint-plugin-jsx-a11y/node_modules/minimatch'
npm warn tar ENOENT: Cannot cd into 'C:/Users/USA/Documents/QueenPamela/Open-Audit/node_modules/rimraf/node_modules/brace-expansion'
npm warn tar ENOENT: Cannot cd into 'C:/Users/USA/Documents/QueenPamela/Open-Audit/node_modules/eslint-plugin-react/node_modules/brace-expansion'
npm warn tar ENOENT: Cannot cd into 'C:/Users/USA/Documents/QueenPamela/Open-Audit/node_modules/update-browserslist-db'
npm warn tar ENOENT: Cannot cd into 'C:/Users/USA/Documents/QueenPamela/Open-Audit/node_modules/node-gyp-build-optional-packages'
npm warn tar ENOENT: Cannot cd into 'C:/Users/USA/Documents/QueenPamela/Open-Audit/node_modules/node-gyp-build'
npm warn tar ENOENT: Cannot cd into 'C:/Users/USA/Documents/QueenPamela/Open-Audit/node_modules/loose-envify'
npm warn tar ENOENT: Cannot cd into 'C:/Users/USA/Documents/QueenPamela/Open-Audit/node_modules/eslint/node_modules/brace-expansion'
npm warn tar ENOENT: Cannot cd into 'C:/Users/USA/Documents/QueenPamela/Open-Audit/node_modules/browserslist'
npm warn tar TAR_ENTRY_ERROR ENOENT: no such file or directory, open 'C:\Users\USA\Documents\QueenPamela\Open-Audit\node_modules\polished\.husky\post-commit'
npm warn tar TAR_ENTRY_ERROR ENOENT: no such file or directory, open 'C:\Users\USA\Documents\QueenPamela\Open-Audit\node_modules\highlight.js\styles\a11y-dark.css'
npm warn tar TAR_ENTRY_ERROR ENOENT: no such file or directory, lstat 'C:\Users\USA\Documents\QueenPamela\Open-Audit\node_modules\prismjs\plugins'
npm warn tar TAR_ENTRY_ERROR ENOENT: no such file or directory, lstat 'C:\Users\USA\Documents\QueenPamela\Open-Audit\node_modules\@babel\runtime-corejs3\core-js-stable'
npm warn tar TAR_ENTRY_ERROR ENOENT: no such file or directory, lstat 'C:\Users\USA\Documents\QueenPamela\Open-Audit\node_modules\prismjs\plugins'
npm warn tar TAR_ENTRY_ERROR ENOENT: no such file or directory, lstat 'C:\Users\USA\Documents\QueenPamela\Open-Audit\node_modules\@babel\runtime-corejs3\core-js-stable'
npm warn tar TAR_ENTRY_ERROR ENOENT: no such file or directory, lstat 'C:\Users\USA\Documents\QueenPamela\Open-Audit\node_modules\prismjs\plugins'
npm warn tar TAR_ENTRY_ERROR ENOENT: no such file or directory, lstat 'C:\Users\USA\Documents\QueenPamela\Open-Audit\node_modules\@babel\runtime-corejs3\core-js-stable'
npm warn tar TAR_ENTRY_ERROR ENOENT: no such file or directory, lstat 'C:\Users\USA\Documents\QueenPamela\Open-Audit\node_modules\prismjs\plugins'
npm warn tar TAR_ENTRY_ERROR ENOENT: no such file or directory, lstat 'C:\Users\USA\Documents\QueenPamela\Open-Audit\node_modules\@babel\runtime-corejs3\core-js-stable'
npm warn tar TAR_ENTRY_ERROR ENOENT: no such file or directory, lstat 'C:\Users\USA\Documents\QueenPamela\Open-Audit\node_modules\prismjs\themes'
npm warn tar TAR_ENTRY_ERROR ENOENT: no such file or directory, lstat 'C:\Users\USA\Documents\QueenPamela\Open-Audit\node_modules\@babel\runtime-corejs3\core-js-stable'
npm warn tar TAR_ENTRY_ERROR ENOENT: no such file or directory, lstat 'C:\Users\USA\Documents\QueenPamela\Open-Audit\node_modules\prismjs\themes'
npm warn tar TAR_ENTRY_ERROR ENOENT: no such file or directory, lstat 'C:\Users\USA\Documents\QueenPamela\Open-Audit\node_modules\@babel\runtime-corejs3\core-js-stable'
npm warn tar TAR_ENTRY_ERROR ENOENT: no such file or directory, lstat 'C:\Users\USA\Documents\QueenPamela\Open-Audit\node_modules\prismjs\themes'
npm warn tar TAR_ENTRY_ERROR ENOENT: no such file or directory, lstat 'C:\Users\USA\Documents\QueenPamela\Open-Audit\node_modules\@babel\runtime-corejs3\core-js-stable'
npm warn tar TAR_ENTRY_ERROR ENOENT: no such file or directory, lstat 'C:\Users\USA\Documents\QueenPamela\Open-Audit\node_modules\prismjs\themes'
npm warn tar TAR_ENTRY_ERROR ENOENT: no such file or directory, lstat 'C:\Users\USA\Documents\QueenPamela\Open-Audit\node_modules\@babel\runtime-corejs3\core-js-stable'
npm warn tar TAR_ENTRY_ERROR ENOENT: no such file or directory, lstat 'C:\Users\USA\Documents\QueenPamela\Open-Audit\node_modules\prismjs\plugins'
npm warn tar TAR_ENTRY_ERROR ENOENT: no such file or directory, lstat 'C:\Users\USA\Documents\QueenPamela\Open-Audit\node_modules\@babel\runtime-corejs3\core-js-stable'
npm warn tar TAR_ENTRY_ERROR ENOENT: no such file or directory, lstat 'C:\Users\USA\Documents\QueenPamela\Open-Audit\node_modules\prismjs\plugins'
npm warn tar ENOENT: Cannot cd into 'C:/Users/USA/Documents/QueenPamela/Open-Audit/node_modules/rimraf/node_modules/glob'
npm warn tarball tarball data for glob@https://registry.npmjs.org/glob/-/glob-7.2.3.tgz (sha512-nFR0zLpU2YCaRxwoCJvL6UvCH2JFyFVIvwTLsIf21AuHlMskA1hhTdk+LlYJtOlYt9v6dvszD2BGRqBL+iQK9Q==) seems to be corrupted. Trying again.
npm warn tar ENOENT: Cannot cd into 'C:/Users/USA/Documents/QueenPamela/Open-Audit/node_modules/eslint-plugin-jsx-a11y/node_modules/minimatch'
npm warn tarball tarball data for minimatch@https://registry.npmjs.org/minimatch/-/minimatch-3.1.5.tgz (sha512-VgjWUsnnT6n+NUk6eZq77zeFdpW2LWDzP6zFGrCbHXiYNul5Dzqk2HHQ5uFH2DNW5Xbp8+jVzaeNt94ssEEl4w==) seems to be corrupted. Trying again.
npm warn tar ENOENT: Cannot cd into 'C:/Users/USA/Documents/QueenPamela/Open-Audit/node_modules/update-browserslist-db'
npm warn tarball tarball data for update-browserslist-db@https://registry.npmjs.org/update-browserslist-db/-/update-browserslist-db-1.2.3.tgz (sha512-Js0m9cx+qOgDxo0eMiFGEueWztz+d4+M3rGlmKPT+T4IS/jP4ylw3Nwpu6cpTTP8R1MAC1kF4VbdLt3ARf209w==) seems to be corrupted. Trying again.
npm warn tar ENOENT: Cannot cd into 'C:/Users/USA/Documents/QueenPamela/Open-Audit/node_modules/node-gyp-build'
npm warn tarball tarball data for node-gyp-build@https://registry.npmjs.org/node-gyp-build/-/node-gyp-build-4.8.4.tgz (sha512-LA4ZjwlnUblHVgq0oBF3Jl/6h/Nvs5fzBLwdEF4nuxnFdsfajde4WfxtJr3CaiH+F6ewcIB/q4jQ4UzPyid+CQ==) seems to be corrupted. Trying again.
npm warn tar ENOENT: Cannot cd into 'C:/Users/USA/Documents/QueenPamela/Open-Audit/node_modules/eslint-plugin-react/node_modules/brace-expansion'
npm warn tarball tarball data for brace-expansion@https://registry.npmjs.org/brace-expansion/-/brace-expansion-1.1.15.tgz (sha512-EwOCDEex4quD37XhqM3omwtMoJjr//isUZz1JopUNWms+4Z2ViyM/k1YIRePpoVNnQhENnxtFjLaxNHrT7xIUg==) seems to be corrupted. Trying again.
npm warn tar ENOENT: Cannot cd into 'C:/Users/USA/Documents/QueenPamela/Open-Audit/node_modules/node-gyp-build-optional-packages'
npm warn tarball tarball data for node-gyp-build-optional-packages@https://registry.npmjs.org/node-gyp-build-optional-packages/-/node-gyp-build-optional-packages-5.2.2.tgz (sha512-s+w+rBWnpTMwSFbaE0UXsRlg7hU4FjekKU4eyAih5T8nJuNZT1nNsskXpxmeqSK9UzkBl6UgRlnKc8hz8IEqOw==) seems to be corrupted. Trying again.
npm warn tar ENOENT: Cannot cd into 'C:/Users/USA/Documents/QueenPamela/Open-Audit/node_modules/loose-envify'
npm warn tarball tarball data for loose-envify@https://registry.npmjs.org/loose-envify/-/loose-envify-1.4.0.tgz (sha512-lyuxPGr/Wfhrlem2CL/UcnUc1zcqKAImBDzukY7Y5F/yQiNdko6+fRLevlw1HgMySw7f611UIY408EtxRSoK3Q==) seems to be corrupted. Trying again.
npm warn tar ENOENT: Cannot cd into 'C:/Users/USA/Documents/QueenPamela/Open-Audit/node_modules/eslint/node_modules/brace-expansion'
npm warn tarball tarball data for brace-expansion@https://registry.npmjs.org/brace-expansion/-/brace-expansion-1.1.15.tgz (sha512-EwOCDEex4quD37XhqM3omwtMoJjr//isUZz1JopUNWms+4Z2ViyM/k1YIRePpoVNnQhENnxtFjLaxNHrT7xIUg==) seems to be corrupted. Trying again.
npm warn tar ENOENT: Cannot cd into 'C:/Users/USA/Documents/QueenPamela/Open-Audit/node_modules/browserslist'
npm warn tarball tarball data for browserslist@https://registry.npmjs.org/browserslist/-/browserslist-4.28.2.tgz (sha512-48xSriZYYg+8qXna9kwqjIVzuQxi+KYWp2+5nCYnYKPTr0LvD89Jqk2Or5ogxz0NUMfIjhh2lIUX/LyX9B4oIg==) seems to be corrupted. Trying again.
npm warn tar ENOENT: Cannot cd into 'C:/Users/USA/Documents/QueenPamela/Open-Audit/node_modules/rimraf/node_modules/brace-expansion'
npm warn tarball tarball data for brace-expansion@https://registry.npmjs.org/brace-expansion/-/brace-expansion-1.1.15.tgz (sha512-EwOCDEex4quD37XhqM3omwtMoJjr//isUZz1JopUNWms+4Z2ViyM/k1YIRePpoVNnQhENnxtFjLaxNHrT7xIUg==) seems to be corrupted. Trying again.
npm warn tar TAR_ENTRY_ERROR ENOENT: no such file or directory, lstat 'C:\Users\USA\Documents\QueenPamela\Open-Audit\node_modules\@babel\runtime-corejs3\core-js-stable'
npm warn tar TAR_ENTRY_ERROR ENOENT: no such file or directory, lstat 'C:\Users\USA\Documents\QueenPamela\Open-Audit\node_modules\prismjs\themes'
npm warn tar TAR_ENTRY_ERROR ENOENT: no such file or directory, lstat 'C:\Users\USA\Documents\QueenPamela\Open-Audit\node_modules\@babel\runtime-corejs3\core-js-stable'
npm warn tar TAR_ENTRY_ERROR ENOENT: no such file or directory, lstat 'C:\Users\USA\Documents\QueenPamela\Open-Audit\node_modules\prismjs\themes'
npm warn deprecated rimraf@3.0.2: Rimraf versions prior to v4 are no longer supported
npm warn tar TAR_ENTRY_ERROR ENOENT: no such file or directory, lstat 'C:\Users\USA\Documents\QueenPamela\Open-Audit\node_modules\@babel\runtime-corejs3\core-js-stable'
npm warn tar TAR_ENTRY_ERROR ENOENT: no such file or directory, lstat 'C:\Users\USA\Documents\QueenPamela\Open-Audit\node_modules\prismjs\plugins'
npm warn tar TAR_ENTRY_ERROR ENOENT: no such file or directory, lstat 'C:\Users\USA\Documents\QueenPamela\Open-Audit\node_modules\@babel\runtime-corejs3\core-js-stable'
npm warn tar TAR_ENTRY_ERROR ENOENT: no such file or directory, lstat 'C:\Users\USA\Documents\QueenPamela\Open-Audit\node_modules\prismjs\plugins'
npm warn tar TAR_ENTRY_ERROR ENOENT: no such file or directory, lstat 'C:\Users\USA\Documents\QueenPamela\Open-Audit\node_modules\@babel\runtime-corejs3\core-js-stable'
npm warn tar TAR_ENTRY_ERROR ENOENT: no such file or directory, lstat 'C:\Users\USA\Documents\QueenPamela\Open-Audit\node_modules\prismjs\plugins'
npm warn tar TAR_ENTRY_ERROR ENOENT: no such file or directory, lstat 'C:\Users\USA\Documents\QueenPamela\Open-Audit\node_modules\@babel\runtime-corejs3\core-js-stable'
npm warn tar TAR_ENTRY_ERROR ENOENT: no such file or directory, lstat 'C:\Users\USA\Documents\QueenPamela\Open-Audit\node_modules\prismjs\plugins'
npm warn tar TAR_ENTRY_ERROR ENOENT: no such file or directory, lstat 'C:\Users\USA\Documents\QueenPamela\Open-Audit\node_modules\@babel\runtime-corejs3\core-js-stable'
npm warn tar TAR_ENTRY_ERROR ENOENT: no such file or directory, lstat 'C:\Users\USA\Documents\QueenPamela\Open-Audit\node_modules\prismjs\plugins'
npm warn tar TAR_ENTRY_ERROR ENOENT: no such file or directory, lstat 'C:\Users\USA\Documents\QueenPamela\Open-Audit\node_modules\@babel\runtime-corejs3\core-js-stable'
npm warn tar TAR_ENTRY_ERROR ENOENT: no such file or directory, lstat 'C:\Users\USA\Documents\QueenPamela\Open-Audit\node_modules\prismjs\plugins'
npm warn tar TAR_ENTRY_ERROR ENOENT: no such file or directory, lstat 'C:\Users\USA\Documents\QueenPamela\Open-Audit\node_modules\@babel\runtime-corejs3\core-js-stable'
npm warn tar TAR_ENTRY_ERROR ENOENT: no such file or directory, lstat 'C:\Users\USA\Documents\QueenPamela\Open-Audit\node_modules\prismjs\plugins'
npm warn tar TAR_ENTRY_ERROR ENOENT: no such file or directory, lstat 'C:\Users\USA\Documents\QueenPamela\Open-Audit\node_modules\@babel\runtime-corejs3\core-js-stable'
npm warn tar TAR_ENTRY_ERROR ENOENT: no such file or directory, lstat 'C:\Users\USA\Documents\QueenPamela\Open-Audit\node_modules\prismjs\plugins'
npm warn tar TAR_ENTRY_ERROR ENOENT: no such file or directory, lstat 'C:\Users\USA\Documents\QueenPamela\Open-Audit\node_modules\@babel\runtime-corejs3\core-js-stable'
npm warn tar TAR_ENTRY_ERROR ENOENT: no such file or directory, lstat 'C:\Users\USA\Documents\QueenPamela\Open-Audit\node_modules\prismjs\themes'
npm warn tar TAR_ENTRY_ERROR ENOENT: no such file or directory, lstat 'C:\Users\USA\Documents\QueenPamela\Open-Audit\node_modules\@babel\runtime-corejs3\core-js-stable'
npm warn tar TAR_ENTRY_ERROR ENOENT: no such file or directory, lstat 'C:\Users\USA\Documents\QueenPamela\Open-Audit\node_modules\prismjs\themes'
npm warn tarball tarball data for node-gyp-build@https://registry.npmjs.org/node-gyp-build/-/node-gyp-build-4.8.4.tgz (sha512-LA4ZjwlnUblHVgq0oBF3Jl/6h/Nvs5fzBLwdEF4nuxnFdsfajde4WfxtJr3CaiH+F6ewcIB/q4jQ4UzPyid+CQ==) seems to be corrupted. Trying again.
npm warn tarball tarball data for brace-expansion@https://registry.npmjs.org/brace-expansion/-/brace-expansion-1.1.15.tgz (sha512-EwOCDEex4quD37XhqM3omwtMoJjr//isUZz1JopUNWms+4Z2ViyM/k1YIRePpoVNnQhENnxtFjLaxNHrT7xIUg==) seems to be corrupted. Trying again.
npm warn tarball tarball data for glob@https://registry.npmjs.org/glob/-/glob-7.2.3.tgz (sha512-nFR0zLpU2YCaRxwoCJvL6UvCH2JFyFVIvwTLsIf21AuHlMskA1hhTdk+LlYJtOlYt9v6dvszD2BGRqBL+iQK9Q==) seems to be corrupted. Trying again.
npm warn tarball tarball data for brace-expansion@https://registry.npmjs.org/brace-expansion/-/brace-expansion-1.1.15.tgz (sha512-EwOCDEex4quD37XhqM3omwtMoJjr//isUZz1JopUNWms+4Z2ViyM/k1YIRePpoVNnQhENnxtFjLaxNHrT7xIUg==) seems to be corrupted. Trying again.
npm warn tarball tarball data for loose-envify@https://registry.npmjs.org/loose-envify/-/loose-envify-1.4.0.tgz (sha512-lyuxPGr/Wfhrlem2CL/UcnUc1zcqKAImBDzukY7Y5F/yQiNdko6+fRLevlw1HgMySw7f611UIY408EtxRSoK3Q==) seems to be corrupted. Trying again.
npm warn tarball tarball data for node-gyp-build-optional-packages@https://registry.npmjs.org/node-gyp-build-optional-packages/-/node-gyp-build-optional-packages-5.2.2.tgz (sha512-s+w+rBWnpTMwSFbaE0UXsRlg7hU4FjekKU4eyAih5T8nJuNZT1nNsskXpxmeqSK9UzkBl6UgRlnKc8hz8IEqOw==) seems to be corrupted. Trying again.
npm warn tarball tarball data for update-browserslist-db@https://registry.npmjs.org/update-browserslist-db/-/update-browserslist-db-1.2.3.tgz (sha512-Js0m9cx+qOgDxo0eMiFGEueWztz+d4+M3rGlmKPT+T4IS/jP4ylw3Nwpu6cpTTP8R1MAC1kF4VbdLt3ARf209w==) seems to be corrupted. Trying again.
npm warn tarball tarball data for brace-expansion@https://registry.npmjs.org/brace-expansion/-/brace-expansion-1.1.15.tgz (sha512-EwOCDEex4quD37XhqM3omwtMoJjr//isUZz1JopUNWms+4Z2ViyM/k1YIRePpoVNnQhENnxtFjLaxNHrT7xIUg==) seems to be corrupted. Trying again.
npm warn tarball tarball data for minimatch@https://registry.npmjs.org/minimatch/-/minimatch-3.1.5.tgz (sha512-VgjWUsnnT6n+NUk6eZq77zeFdpW2LWDzP6zFGrCbHXiYNul5Dzqk2HHQ5uFH2DNW5Xbp8+jVzaeNt94ssEEl4w==) seems to be corrupted. Trying again.
npm warn tarball tarball data for browserslist@https://registry.npmjs.org/browserslist/-/browserslist-4.28.2.tgz (sha512-48xSriZYYg+8qXna9kwqjIVzuQxi+KYWp2+5nCYnYKPTr0LvD89Jqk2Or5ogxz0NUMfIjhh2lIUX/LyX9B4oIg==) seems to be corrupted. Trying again.
npm warn tar TAR_ENTRY_ERROR ENOENT: no such file or directory, lstat 'C:\Users\USA\Documents\QueenPamela\Open-Audit\node_modules\@babel\runtime-corejs3\core-js-stable'
npm warn tar TAR_ENTRY_ERROR ENOENT: no such file or directory, lstat 'C:\Users\USA\Documents\QueenPamela\Open-Audit\node_modules\prismjs\plugins'
npm warn tar TAR_ENTRY_ERROR ENOENT: no such file or directory, lstat 'C:\Users\USA\Documents\QueenPamela\Open-Audit\node_modules\@babel\runtime-corejs3\core-js-stable'
npm warn tar TAR_ENTRY_ERROR ENOENT: no such file or directory, lstat 'C:\Users\USA\Documents\QueenPamela\Open-Audit\node_modules\prismjs\plugins'
npm warn tar TAR_ENTRY_ERROR ENOENT: no such file or directory, lstat 'C:\Users\USA\Documents\QueenPamela\Open-Audit\node_modules\@babel\runtime-corejs3\core-js-stable'
npm warn tar TAR_ENTRY_ERROR ENOENT: no such file or directory, lstat 'C:\Users\USA\Documents\QueenPamela\Open-Audit\node_modules\prismjs\plugins'
npm warn tar TAR_ENTRY_ERROR ENOENT: no such file or directory, lstat 'C:\Users\USA\Documents\QueenPamela\Open-Audit\node_modules\@babel\runtime-corejs3\core-js-stable'
npm warn tar TAR_ENTRY_ERROR ENOENT: no such file or directory, lstat 'C:\Users\USA\Documents\QueenPamela\Open-Audit\node_modules\prismjs\plugins'
npm warn tar TAR_ENTRY_ERROR ENOENT: no such file or directory, lstat 'C:\Users\USA\Documents\QueenPamela\Open-Audit\node_modules\@babel\runtime-corejs3\core-js-stable'
npm warn tar TAR_ENTRY_ERROR ENOENT: no such file or directory, lstat 'C:\Users\USA\Documents\QueenPamela\Open-Audit\node_modules\prismjs\themes'
npm warn tar TAR_ENTRY_ERROR ENOENT: no such file or directory, lstat 'C:\Users\USA\Documents\QueenPamela\Open-Audit\node_modules\@babel\runtime-corejs3\core-js-stable'
npm warn tar TAR_ENTRY_ERROR ENOENT: no such file or directory, lstat 'C:\Users\USA\Documents\QueenPamela\Open-Audit\node_modules\prismjs\themes'
npm warn tar TAR_ENTRY_ERROR ENOENT: no such file or directory, lstat 'C:\Users\USA\Documents\QueenPamela\Open-Audit\node_modules\@babel\runtime-corejs3\core-js-stable'
npm warn tar TAR_ENTRY_ERROR ENOENT: no such file or directory, lstat 'C:\Users\USA\Documents\QueenPamela\Open-Audit\node_modules\prismjs\themes'
npm warn tar TAR_ENTRY_ERROR ENOENT: no such file or directory, lstat 'C:\Users\USA\Documents\QueenPamela\Open-Audit\node_modules\@babel\runtime-corejs3\core-js-stable'
npm warn tar TAR_ENTRY_ERROR ENOENT: no such file or directory, lstat 'C:\Users\USA\Documents\QueenPamela\Open-Audit\node_modules\prismjs\themes'
npm warn tar TAR_ENTRY_ERROR ENOENT: no such file or directory, lstat 'C:\Users\USA\Documents\QueenPamela\Open-Audit\node_modules\@babel\runtime-corejs3\core-js-stable'
npm warn tar TAR_ENTRY_ERROR ENOENT: no such file or directory, lstat 'C:\Users\USA\Documents\QueenPamela\Open-Audit\node_modules\prismjs\plugins'
npm warn tar TAR_ENTRY_ERROR ENOENT: no such file or directory, lstat 'C:\Users\USA\Documents\QueenPamela\Open-Audit\node_modules\@babel\runtime-corejs3\core-js-stable'
npm warn tar TAR_ENTRY_ERROR ENOENT: no such file or directory, lstat 'C:\Users\USA\Documents\QueenPamela\Open-Audit\node_modules\prismjs\plugins'
npm warn tar TAR_ENTRY_ERROR ENOENT: no such file or directory, lstat 'C:\Users\USA\Documents\QueenPamela\Open-Audit\node_modules\@babel\runtime-corejs3\core-js-stable'
npm warn tar TAR_ENTRY_ERROR ENOENT: no such file or directory, lstat 'C:\Users\USA\Documents\QueenPamela\Open-Audit\node_modules\prismjs\plugins'
npm warn tar TAR_ENTRY_ERROR ENOENT: no such file or directory, lstat 'C:\Users\USA\Documents\QueenPamela\Open-Audit\node_modules\@babel\runtime-corejs3\core-js-stable'
npm warn tar TAR_ENTRY_ERROR ENOENT: no such file or directory, lstat 'C:\Users\USA\Documents\QueenPamela\Open-Audit\node_modules\prismjs\plugins'
npm warn tar TAR_ENTRY_ERROR ENOENT: no such file or directory, lstat 'C:\Users\USA\Documents\QueenPamela\Open-Audit\node_modules\@babel\runtime-corejs3\core-js-stable'
npm warn tar TAR_ENTRY_ERROR ENOENT: no such file or directory, lstat 'C:\Users\USA\Documents\QueenPamela\Open-Audit\node_modules\prismjs\themes'
npm warn tar TAR_ENTRY_ERROR ENOENT: no such file or directory, lstat 'C:\Users\USA\Documents\QueenPamela\Open-Audit\node_modules\@babel\runtime-corejs3\core-js-stable'
npm warn tar TAR_ENTRY_ERROR ENOENT: no such file or directory, lstat 'C:\Users\USA\Documents\QueenPamela\Open-Audit\node_modules\prismjs\themes'
npm warn tar TAR_ENTRY_ERROR ENOENT: no such file or directory, lstat 'C:\Users\USA\Documents\QueenPamela\Open-Audit\node_modules\@babel\runtime-corejs3\core-js-stable'
npm warn tar TAR_ENTRY_ERROR ENOENT: no such file or directory, lstat 'C:\Users\USA\Documents\QueenPamela\Open-Audit\node_modules\prismjs\plugins'
npm warn tar TAR_ENTRY_ERROR ENOENT: no such file or directory, lstat 'C:\Users\USA\Documents\QueenPamela\Open-Audit\node_modules\@babel\runtime-corejs3\core-js-stable'
npm warn tar TAR_ENTRY_ERROR ENOENT: no such file or directory, lstat 'C:\Users\USA\Documents\QueenPamela\Open-Audit\node_modules\prismjs\plugins'
npm warn tar TAR_ENTRY_ERROR ENOENT: no such file or directory, lstat 'C:\Users\USA\Documents\QueenPamela\Open-Audit\node_modules\@babel\runtime-corejs3\core-js-stable'
npm warn tar TAR_ENTRY_ERROR ENOENT: no such file or directory, lstat 'C:\Users\USA\Documents\QueenPamela\Open-Audit\node_modules\prismjs\plugins'
npm warn tar TAR_ENTRY_ERROR ENOENT: no such file or directory, lstat 'C:\Users\USA\Documents\QueenPamela\Open-Audit\node_modules\@babel\runtime-corejs3\core-js-stable'
npm warn tar TAR_ENTRY_ERROR ENOENT: no such file or directory, lstat 'C:\Users\USA\Documents\QueenPamela\Open-Audit\node_modules\prismjs\plugins'
npm warn tar TAR_ENTRY_ERROR ENOENT: no such file or directory, lstat 'C:\Users\USA\Documents\QueenPamela\Open-Audit\node_modules\@babel\runtime-corejs3\core-js-stable'
npm warn tar TAR_ENTRY_ERROR ENOENT: no such file or directory, lstat 'C:\Users\USA\Documents\QueenPamela\Open-Audit\node_modules\prismjs\themes'
npm warn tar TAR_ENTRY_ERROR ENOENT: no such file or directory, lstat 'C:\Users\USA\Documents\QueenPamela\Open-Audit\node_modules\@babel\runtime-corejs3\core-js-stable'
npm warn tar TAR_ENTRY_ERROR ENOENT: no such file or directory, lstat 'C:\Users\USA\Documents\QueenPamela\Open-Audit\node_modules\prismjs\themes'
npm warn tar TAR_ENTRY_ERROR ENOENT: no such file or directory, lstat 'C:\Users\USA\Documents\QueenPamela\Open-Audit\node_modules\@babel\runtime-corejs3\core-js-stable'
npm warn tar TAR_ENTRY_ERROR ENOENT: no such file or directory, open 'C:\Users\USA\Documents\QueenPamela\Open-Audit\node_modules\prismjs\components.js'
npm warn tar TAR_ENTRY_ERROR ENOENT: no such file or directory, lstat 'C:\Users\USA\Documents\QueenPamela\Open-Audit\node_modules\@babel\runtime-corejs3\core-js-stable'
npm warn tar TAR_ENTRY_ERROR ENOENT: no such file or directory, open 'C:\Users\USA\Documents\QueenPamela\Open-Audit\node_modules\prismjs\dependencies.js'
npm warn tar TAR_ENTRY_ERROR ENOENT: no such file or directory, lstat 'C:\Users\USA\Documents\QueenPamela\Open-Audit\node_modules\@babel\runtime-corejs3\core-js-stable'
npm warn tar TAR_ENTRY_ERROR ENOENT: no such file or directory, lstat 'C:\Users\USA\Documents\QueenPamela\Open-Audit\node_modules\prismjs\components'
npm warn tar TAR_ENTRY_ERROR ENOENT: no such file or directory, lstat 'C:\Users\USA\Documents\QueenPamela\Open-Audit\node_modules\@babel\runtime-corejs3\core-js-stable'
npm warn tar TAR_ENTRY_ERROR ENOENT: no such file or directory, lstat 'C:\Users\USA\Documents\QueenPamela\Open-Audit\node_modules\prismjs\components'
npm warn tar TAR_ENTRY_ERROR ENOENT: no such file or directory, lstat 'C:\Users\USA\Documents\QueenPamela\Open-Audit\node_modules\@babel\runtime-corejs3\core-js-stable'
npm warn tar TAR_ENTRY_ERROR ENOENT: no such file or directory, lstat 'C:\Users\USA\Documents\QueenPamela\Open-Audit\node_modules\prismjs\components'
npm warn tar TAR_ENTRY_ERROR ENOENT: no such file or directory, lstat 'C:\Users\USA\Documents\QueenPamela\Open-Audit\node_modules\@babel\runtime-corejs3\core-js-stable'
npm warn tar TAR_ENTRY_ERROR ENOENT: no such file or directory, lstat 'C:\Users\USA\Documents\QueenPamela\Open-Audit\node_modules\prismjs\components'
npm warn tar TAR_ENTRY_ERROR ENOENT: no such file or directory, lstat 'C:\Users\USA\Documents\QueenPamela\Open-Audit\node_modules\@babel\runtime-corejs3\core-js-stable'
npm warn tar TAR_ENTRY_ERROR ENOENT: no such file or directory, lstat 'C:\Users\USA\Documents\QueenPamela\Open-Audit\node_modules\prismjs\components'
npm warn tar TAR_ENTRY_ERROR ENOENT: no such file or directory, lstat 'C:\Users\USA\Documents\QueenPamela\Open-Audit\node_modules\@babel\runtime-corejs3\core-js-stable'
npm warn tar TAR_ENTRY_ERROR ENOENT: no such file or directory, lstat 'C:\Users\USA\Documents\QueenPamela\Open-Audit\node_modules\prismjs\components'
npm warn tar TAR_ENTRY_ERROR ENOENT: no such file or directory, lstat 'C:\Users\USA\Documents\QueenPamela\Open-Audit\node_modules\@babel\runtime-corejs3\core-js-stable'
npm warn tar TAR_ENTRY_ERROR ENOENT: no such file or directory, lstat 'C:\Users\USA\Documents\QueenPamela\Open-Audit\node_modules\prismjs\components'
npm warn tar TAR_ENTRY_ERROR ENOENT: no such file or directory, lstat 'C:\Users\USA\Documents\QueenPamela\Open-Audit\node_modules\@babel\runtime-corejs3\core-js-stable'
npm warn tar TAR_ENTRY_ERROR ENOENT: no such file or directory, lstat 'C:\Users\USA\Documents\QueenPamela\Open-Audit\node_modules\prismjs\components'
npm warn tar TAR_ENTRY_ERROR ENOENT: no such file or directory, lstat 'C:\Users\USA\Documents\QueenPamela\Open-Audit\node_modules\@babel\runtime-corejs3\core-js-stable'
npm warn tar TAR_ENTRY_ERROR ENOENT: no such file or directory, lstat 'C:\Users\USA\Documents\QueenPamela\Open-Audit\node_modules\prismjs\components'
npm warn tar TAR_ENTRY_ERROR ENOENT: no such file or directory, lstat 'C:\Users\USA\Documents\QueenPamela\Open-Audit\node_modules\@babel\runtime-corejs3\core-js-stable'
npm warn tar TAR_ENTRY_ERROR ENOENT: no such file or directory, lstat 'C:\Users\USA\Documents\QueenPamela\Open-Audit\node_modules\prismjs\components'
npm warn tar TAR_ENTRY_ERROR ENOENT: no such file or directory, lstat 'C:\Users\USA\Documents\QueenPamela\Open-Audit\node_modules\@babel\runtime-corejs3\core-js-stable'
npm warn tar TAR_ENTRY_ERROR ENOENT: no such file or directory, lstat 'C:\Users\USA\Documents\QueenPamela\Open-Audit\node_modules\prismjs\components'
npm warn tar TAR_ENTRY_ERROR ENOENT: no such file or directory, lstat 'C:\Users\USA\Documents\QueenPamela\Open-Audit\node_modules\@babel\runtime-corejs3\core-js-stable'
npm warn tar TAR_ENTRY_ERROR ENOENT: no such file or directory, lstat 'C:\Users\USA\Documents\QueenPamela\Open-Audit\node_modules\prismjs\components'
npm warn tar TAR_ENTRY_ERROR ENOENT: no such file or directory, lstat 'C:\Users\USA\Documents\QueenPamela\Open-Audit\node_modules\@babel\runtime-corejs3\core-js-stable'
npm warn tar TAR_ENTRY_ERROR ENOENT: no such file or directory, lstat 'C:\Users\USA\Documents\QueenPamela\Open-Audit\node_modules\prismjs\components'
npm warn tar TAR_ENTRY_ERROR ENOENT: no such file or directory, lstat 'C:\Users\USA\Documents\QueenPamela\Open-Audit\node_modules\@babel\runtime-corejs3\core-js-stable'
npm warn tar TAR_ENTRY_ERROR ENOENT: no such file or directory, lstat 'C:\Users\USA\Documents\QueenPamela\Open-Audit\node_modules\prismjs\components'
npm warn tar TAR_ENTRY_ERROR ENOENT: no such file or directory, lstat 'C:\Users\USA\Documents\QueenPamela\Open-Audit\node_modules\@babel\runtime-corejs3\core-js-stable'
npm warn tar TAR_ENTRY_ERROR ENOENT: no such file or directory, lstat 'C:\Users\USA\Documents\QueenPamela\Open-Audit\node_modules\prismjs\components'
npm warn tar TAR_ENTRY_ERROR ENOENT: no such file or directory, lstat 'C:\Users\USA\Documents\QueenPamela\Open-Audit\node_modules\@babel\runtime-corejs3\core-js-stable'
npm warn tar TAR_ENTRY_ERROR ENOENT: no such file or directory, lstat 'C:\Users\USA\Documents\QueenPamela\Open-Audit\node_modules\prismjs\components'
npm warn tar TAR_ENTRY_ERROR ENOENT: no such file or directory, lstat 'C:\Users\USA\Documents\QueenPamela\Open-Audit\node_modules\@babel\runtime-corejs3\core-js-stable'
npm warn tar TAR_ENTRY_ERROR ENOENT: no such file or directory, lstat 'C:\Users\USA\Documents\QueenPamela\Open-Audit\node_modules\prismjs\components'
npm warn tar TAR_ENTRY_ERROR ENOENT: no such file or directory, lstat 'C:\Users\USA\Documents\QueenPamela\Open-Audit\node_modules\@babel\runtime-corejs3\core-js-stable'
npm warn tar TAR_ENTRY_ERROR ENOENT: no such file or directory, lstat 'C:\Users\USA\Documents\QueenPamela\Open-Audit\node_modules\prismjs\components'
npm warn tar TAR_ENTRY_ERROR ENOENT: no such file or directory, lstat 'C:\Users\USA\Documents\QueenPamela\Open-Audit\node_modules\@babel\runtime-corejs3\core-js-stable'
npm warn tar TAR_ENTRY_ERROR ENOENT: no such file or directory, lstat 'C:\Users\USA\Documents\QueenPamela\Open-Audit\node_modules\prismjs\components'
npm warn tar TAR_ENTRY_ERROR ENOENT: no such file or directory, lstat 'C:\Users\USA\Documents\QueenPamela\Open-Audit\node_modules\@babel\runtime-corejs3\core-js-stable'
npm warn tar TAR_ENTRY_ERROR ENOENT: no such file or directory, lstat 'C:\Users\USA\Documents\QueenPamela\Open-Audit\node_modules\prismjs\components'
npm warn tar TAR_ENTRY_ERROR ENOENT: no such file or directory, lstat 'C:\Users\USA\Documents\QueenPamela\Open-Audit\node_modules\@babel\runtime-corejs3\core-js-stable'
npm warn tar TAR_ENTRY_ERROR ENOENT: no such file or directory, lstat 'C:\Users\USA\Documents\QueenPamela\Open-Audit\node_modules\prismjs\components'
npm warn tar TAR_ENTRY_ERROR ENOENT: no such file or directory, lstat 'C:\Users\USA\Documents\QueenPamela\Open-Audit\node_modules\@babel\runtime-corejs3\core-js-stable'
npm warn tar TAR_ENTRY_ERROR ENOENT: no such file or directory, lstat 'C:\Users\USA\Documents\QueenPamela\Open-Audit\node_modules\prismjs\components'
npm warn tar TAR_ENTRY_ERROR ENOENT: no such file or directory, lstat 'C:\Users\USA\Documents\QueenPamela\Open-Audit\node_modules\@babel\runtime-corejs3\core-js-stable'
npm warn tar TAR_ENTRY_ERROR ENOENT: no such file or directory, lstat 'C:\Users\USA\Documents\QueenPamela\Open-Audit\node_modules\prismjs\components'
npm warn tar TAR_ENTRY_ERROR ENOENT: no such file or directory, lstat 'C:\Users\USA\Documents\QueenPamela\Open-Audit\node_modules\@babel\runtime-corejs3\core-js-stable'
npm warn tar TAR_ENTRY_ERROR ENOENT: no such file or directory, lstat 'C:\Users\USA\Documents\QueenPamela\Open-Audit\node_modules\prismjs\components'
npm warn tar TAR_ENTRY_ERROR ENOENT: no such file or directory, lstat 'C:\Users\USA\Documents\QueenPamela\Open-Audit\node_modules\@babel\runtime-corejs3\core-js-stable'
npm warn tar TAR_ENTRY_ERROR ENOENT: no such file or directory, lstat 'C:\Users\USA\Documents\QueenPamela\Open-Audit\node_modules\prismjs\components'
npm warn tar TAR_ENTRY_ERROR ENOENT: no such file or directory, lstat 'C:\Users\USA\Documents\QueenPamela\Open-Audit\node_modules\@babel\runtime-corejs3\core-js-stable'
npm warn tar TAR_ENTRY_ERROR ENOENT: no such file or directory, lstat 'C:\Users\USA\Documents\QueenPamela\Open-Audit\node_modules\prismjs\components'
npm warn tar TAR_ENTRY_ERROR ENOENT: no such file or directory, lstat 'C:\Users\USA\Documents\QueenPamela\Open-Audit\node_modules\@babel\runtime-corejs3\core-js-stable'
npm warn tar TAR_ENTRY_ERROR ENOENT: no such file or directory, lstat 'C:\Users\USA\Documents\QueenPamela\Open-Audit\node_modules\prismjs\components'
npm warn tar TAR_ENTRY_ERROR ENOENT: no such file or directory, lstat 'C:\Users\USA\Documents\QueenPamela\Open-Audit\node_modules\@babel\runtime-corejs3\core-js-stable'
npm warn tar TAR_ENTRY_ERROR ENOENT: no such file or directory, lstat 'C:\Users\USA\Documents\QueenPamela\Open-Audit\node_modules\prismjs\components'
npm warn tar TAR_ENTRY_ERROR ENOENT: no such file or directory, lstat 'C:\Users\USA\Documents\QueenPamela\Open-Audit\node_modules\@babel\runtime-corejs3\core-js-stable'
npm warn tar TAR_ENTRY_ERROR ENOENT: no such file or directory, lstat 'C:\Users\USA\Documents\QueenPamela\Open-Audit\node_modules\prismjs\components'
npm warn tar TAR_ENTRY_ERROR ENOENT: no such file or directory, lstat 'C:\Users\USA\Documents\QueenPamela\Open-Audit\node_modules\@babel\runtime-corejs3\core-js-stable'
npm warn tar TAR_ENTRY_ERROR ENOENT: no such file or directory, lstat 'C:\Users\USA\Documents\QueenPamela\Open-Audit\node_modules\prismjs\components'
npm warn tar TAR_ENTRY_ERROR ENOENT: no such file or directory, lstat 'C:\Users\USA\Documents\QueenPamela\Open-Audit\node_modules\@babel\runtime-corejs3\core-js-stable'
npm warn tar TAR_ENTRY_ERROR ENOENT: no such file or directory, lstat 'C:\Users\USA\Documents\QueenPamela\Open-Audit\node_modules\prismjs\components'
npm warn tar TAR_ENTRY_ERROR ENOENT: no such file or directory, lstat 'C:\Users\USA\Documents\QueenPamela\Open-Audit\node_modules\@babel\runtime-corejs3\core-js-stable'
npm warn tar TAR_ENTRY_ERROR ENOENT: no such file or directory, lstat 'C:\Users\USA\Documents\QueenPamela\Open-Audit\node_modules\prismjs\components'
npm warn tar TAR_ENTRY_ERROR ENOENT: no such file or directory, lstat 'C:\Users\USA\Documents\QueenPamela\Open-Audit\node_modules\@babel\runtime-corejs3\core-js-stable'
npm warn tar TAR_ENTRY_ERROR ENOENT: no such file or directory, lstat 'C:\Users\USA\Documents\QueenPamela\Open-Audit\node_modules\prismjs\components'
npm warn tar TAR_ENTRY_ERROR ENOENT: no such file or directory, lstat 'C:\Users\USA\Documents\QueenPamela\Open-Audit\node_modules\@babel\runtime-corejs3\core-js-stable'
npm warn tar TAR_ENTRY_ERROR ENOENT: no such file or directory, lstat 'C:\Users\USA\Documents\QueenPamela\Open-Audit\node_modules\prismjs\components'
npm warn tar TAR_ENTRY_ERROR ENOENT: no such file or directory, lstat 'C:\Users\USA\Documents\QueenPamela\Open-Audit\node_modules\@babel\runtime-corejs3\core-js-stable'
npm warn tar TAR_ENTRY_ERROR ENOENT: no such file or directory, lstat 'C:\Users\USA\Documents\QueenPamela\Open-Audit\node_modules\prismjs\components'
npm warn tar TAR_ENTRY_ERROR ENOENT: no such file or directory, lstat 'C:\Users\USA\Documents\QueenPamela\Open-Audit\node_modules\@babel\runtime-corejs3\core-js-stable'
npm warn tar TAR_ENTRY_ERROR ENOENT: no such file or directory, lstat 'C:\Users\USA\Documents\QueenPamela\Open-Audit\node_modules\prismjs\components'
npm warn tar TAR_ENTRY_ERROR ENOENT: no such file or directory, lstat 'C:\Users\USA\Documents\QueenPamela\Open-Audit\node_modules\@babel\runtime-corejs3\core-js-stable'
npm warn tar TAR_ENTRY_ERROR ENOENT: no such file or directory, lstat 'C:\Users\USA\Documents\QueenPamela\Open-Audit\node_modules\prismjs\components'
npm warn tar TAR_ENTRY_ERROR ENOENT: no such file or directory, lstat 'C:\Users\USA\Documents\QueenPamela\Open-Audit\node_modules\@babel\runtime-corejs3\core-js-stable'
npm warn tar TAR_ENTRY_ERROR ENOENT: no such file or directory, lstat 'C:\Users\USA\Documents\QueenPamela\Open-Audit\node_modules\prismjs\components'
npm warn tar TAR_ENTRY_ERROR ENOENT: no such file or directory, lstat 'C:\Users\USA\Documents\QueenPamela\Open-Audit\node_modules\@babel\runtime-corejs3\core-js-stable'
npm warn tar TAR_ENTRY_ERROR ENOENT: no such file or directory, lstat 'C:\Users\USA\Documents\QueenPamela\Open-Audit\node_modules\prismjs\components'
npm warn tar TAR_ENTRY_ERROR ENOENT: no such file or directory, lstat 'C:\Users\USA\Documents\QueenPamela\Open-Audit\node_modules\@babel\runtime-corejs3\core-js-stable'
npm warn tar TAR_ENTRY_ERROR ENOENT: no such file or directory, lstat 'C:\Users\USA\Documents\QueenPamela\Open-Audit\node_modules\prismjs\components'
npm warn tar TAR_ENTRY_ERROR ENOENT: no such file or directory, lstat 'C:\Users\USA\Documents\QueenPamela\Open-Audit\node_modules\@babel\runtime-corejs3\core-js-stable'
npm warn tar TAR_ENTRY_ERROR ENOENT: no such file or directory, lstat 'C:\Users\USA\Documents\QueenPamela\Open-Audit\node_modules\prismjs\components'
npm warn tar TAR_ENTRY_ERROR ENOENT: no such file or directory, lstat 'C:\Users\USA\Documents\QueenPamela\Open-Audit\node_modules\@babel\runtime-corejs3\core-js-stable'
npm warn tar TAR_ENTRY_ERROR ENOENT: no such file or directory, lstat 'C:\Users\USA\Documents\QueenPamela\Open-Audit\node_modules\prismjs\components'
npm warn tar TAR_ENTRY_ERROR ENOENT: no such file or directory, lstat 'C:\Users\USA\Documents\QueenPamela\Open-Audit\node_modules\@babel\runtime-corejs3\core-js-stable'
npm warn tar TAR_ENTRY_ERROR ENOENT: no such file or directory, lstat 'C:\Users\USA\Documents\QueenPamela\Open-Audit\node_modules\prismjs\components'
npm warn tar TAR_ENTRY_ERROR ENOENT: no such file or directory, lstat 'C:\Users\USA\Documents\QueenPamela\Open-Audit\node_modules\@babel\runtime-corejs3\core-js-stable'
npm warn tar TAR_ENTRY_ERROR ENOENT: no such file or directory, lstat 'C:\Users\USA\Documents\QueenPamela\Open-Audit\node_modules\prismjs\components'
npm warn tar TAR_ENTRY_ERROR ENOENT: no such file or directory, lstat 'C:\Users\USA\Documents\QueenPamela\Open-Audit\node_modules\@babel\runtime-corejs3\core-js-stable'
npm warn tar TAR_ENTRY_ERROR ENOENT: no such file or directory, lstat 'C:\Users\USA\Documents\QueenPamela\Open-Audit\node_modules\prismjs\components'
npm warn tar TAR_ENTRY_ERROR ENOENT: no such file or directory, lstat 'C:\Users\USA\Documents\QueenPamela\Open-Audit\node_modules\@babel\runtime-corejs3\core-js-stable'
npm warn tar TAR_ENTRY_ERROR ENOENT: no such file or directory, lstat 'C:\Users\USA\Documents\QueenPamela\Open-Audit\node_modules\prismjs\plugins'
npm warn tar TAR_ENTRY_ERROR ENOENT: no such file or directory, lstat 'C:\Users\USA\Documents\QueenPamela\Open-Audit\node_modules\@babel\runtime-corejs3\core-js-stable'
npm warn tar TAR_ENTRY_ERROR ENOENT: no such file or directory, lstat 'C:\Users\USA\Documents\QueenPamela\Open-Audit\node_modules\prismjs\plugins'
npm warn tar TAR_ENTRY_ERROR ENOENT: no such file or directory, lstat 'C:\Users\USA\Documents\QueenPamela\Open-Audit\node_modules\@babel\runtime-corejs3\core-js-stable'
npm warn tar TAR_ENTRY_ERROR ENOENT: no such file or directory, lstat 'C:\Users\USA\Documents\QueenPamela\Open-Audit\node_modules\prismjs\plugins'
npm warn tar TAR_ENTRY_ERROR ENOENT: no such file or directory, lstat 'C:\Users\USA\Documents\QueenPamela\Open-Audit\node_modules\@babel\runtime-corejs3\core-js-stable'
npm warn tar TAR_ENTRY_ERROR ENOENT: no such file or directory, lstat 'C:\Users\USA\Documents\QueenPamela\Open-Audit\node_modules\prismjs\plugins'
npm warn tar TAR_ENTRY_ERROR ENOENT: no such file or directory, lstat 'C:\Users\USA\Documents\QueenPamela\Open-Audit\node_modules\@babel\runtime-corejs3\core-js-stable'
npm warn tar TAR_ENTRY_ERROR ENOENT: no such file or directory, lstat 'C:\Users\USA\Documents\QueenPamela\Open-Audit\node_modules\prismjs\components'
npm warn tar TAR_ENTRY_ERROR ENOENT: no such file or directory, lstat 'C:\Users\USA\Documents\QueenPamela\Open-Audit\node_modules\@babel\runtime-corejs3\core-js-stable'
npm warn tar TAR_ENTRY_ERROR ENOENT: no such file or directory, lstat 'C:\Users\USA\Documents\QueenPamela\Open-Audit\node_modules\prismjs\components'
npm warn tar TAR_ENTRY_ERROR ENOENT: no such file or directory, lstat 'C:\Users\USA\Documents\QueenPamela\Open-Audit\node_modules\@babel\runtime-corejs3\core-js-stable'
npm warn tar TAR_ENTRY_ERROR ENOENT: no such file or directory, lstat 'C:\Users\USA\Documents\QueenPamela\Open-Audit\node_modules\prismjs\components'
npm warn tar TAR_ENTRY_ERROR ENOENT: no such file or directory, lstat 'C:\Users\USA\Documents\QueenPamela\Open-Audit\node_modules\@babel\runtime-corejs3\core-js-stable'
npm warn tar TAR_ENTRY_ERROR ENOENT: no such file or directory, lstat 'C:\Users\USA\Documents\QueenPamela\Open-Audit\node_modules\prismjs\components'
npm warn tar TAR_ENTRY_ERROR ENOENT: no such file or directory, lstat 'C:\Users\USA\Documents\QueenPamela\Open-Audit\node_modules\@babel\runtime-corejs3\core-js-stable'
npm warn tar TAR_ENTRY_ERROR ENOENT: no such file or directory, lstat 'C:\Users\USA\Documents\QueenPamela\Open-Audit\node_modules\prismjs\components'
npm warn tar TAR_ENTRY_ERROR ENOENT: no such file or directory, lstat 'C:\Users\USA\Documents\QueenPamela\Open-Audit\node_modules\@babel\runtime-corejs3\core-js-stable'
npm warn tar TAR_ENTRY_ERROR ENOENT: no such file or directory, lstat 'C:\Users\USA\Documents\QueenPamela\Open-Audit\node_modules\prismjs\components'
npm warn tar TAR_ENTRY_ERROR ENOENT: no such file or directory, lstat 'C:\Users\USA\Documents\QueenPamela\Open-Audit\node_modules\@babel\runtime-corejs3\core-js-stable'
npm warn tar TAR_ENTRY_ERROR ENOENT: no such file or directory, lstat 'C:\Users\USA\Documents\QueenPamela\Open-Audit\node_modules\prismjs\components'
npm warn tar TAR_ENTRY_ERROR ENOENT: no such file or directory, lstat 'C:\Users\USA\Documents\QueenPamela\Open-Audit\node_modules\@babel\runtime-corejs3\core-js-stable'
npm warn tar TAR_ENTRY_ERROR ENOENT: no such file or directory, lstat 'C:\Users\USA\Documents\QueenPamela\Open-Audit\node_modules\prismjs\components'
npm warn tar TAR_ENTRY_ERROR ENOENT: no such file or directory, lstat 'C:\Users\USA\Documents\QueenPamela\Open-Audit\node_modules\@babel\runtime-corejs3\core-js-stable'
npm warn tar TAR_ENTRY_ERROR ENOENT: no such file or directory, lstat 'C:\Users\USA\Documents\QueenPamela\Open-Audit\node_modules\prismjs\components'
npm warn tar TAR_ENTRY_ERROR ENOENT: no such file or directory, lstat 'C:\Users\USA\Documents\QueenPamela\Open-Audit\node_modules\@babel\runtime-corejs3\core-js-stable'
npm warn tar TAR_ENTRY_ERROR ENOENT: no such file or directory, lstat 'C:\Users\USA\Documents\QueenPamela\Open-Audit\node_modules\prismjs\components'
npm warn tar TAR_ENTRY_ERROR ENOENT: no such file or directory, lstat 'C:\Users\USA\Documents\QueenPamela\Open-Audit\node_modules\@babel\runtime-corejs3\core-js-stable'
npm warn tar TAR_ENTRY_ERROR ENOENT: no such file or directory, lstat 'C:\Users\USA\Documents\QueenPamela\Open-Audit\node_modules\prismjs\components'
npm warn tar TAR_ENTRY_ERROR ENOENT: no such file or directory, lstat 'C:\Users\USA\Documents\QueenPamela\Open-Audit\node_modules\@babel\runtime-corejs3\core-js-stable'
npm warn tar TAR_ENTRY_ERROR ENOENT: no such file or directory, lstat 'C:\Users\USA\Documents\QueenPamela\Open-Audit\node_modules\prismjs\components'
npm warn tar TAR_ENTRY_ERROR ENOENT: no such file or directory, lstat 'C:\Users\USA\Documents\QueenPamela\Open-Audit\node_modules\@babel\runtime-corejs3\core-js-stable'
npm warn tar TAR_ENTRY_ERROR ENOENT: no such file or directory, lstat 'C:\Users\USA\Documents\QueenPamela\Open-Audit\node_modules\prismjs\components'
npm warn tar TAR_ENTRY_ERROR ENOENT: no such file or directory, lstat 'C:\Users\USA\Documents\QueenPamela\Open-Audit\node_modules\@babel\runtime-corejs3\core-js-stable'
npm warn tar TAR_ENTRY_ERROR ENOENT: no such file or directory, lstat 'C:\Users\USA\Documents\QueenPamela\Open-Audit\node_modules\prismjs\components'
npm warn tar TAR_ENTRY_ERROR ENOENT: no such file or directory, lstat 'C:\Users\USA\Documents\QueenPamela\Open-Audit\node_modules\@babel\runtime-corejs3\core-js-stable'
npm warn tar TAR_ENTRY_ERROR ENOENT: no such file or directory, lstat 'C:\Users\USA\Documents\QueenPamela\Open-Audit\node_modules\prismjs\components'
npm warn tar TAR_ENTRY_ERROR ENOENT: no such file or directory, lstat 'C:\Users\USA\Documents\QueenPamela\Open-Audit\node_modules\@babel\runtime-corejs3\core-js-stable'
npm warn tar TAR_ENTRY_ERROR ENOENT: no such file or directory, lstat 'C:\Users\USA\Documents\QueenPamela\Open-Audit\node_modules\prismjs\components'
npm warn tar TAR_ENTRY_ERROR ENOENT: no such file or directory, lstat 'C:\Users\USA\Documents\QueenPamela\Open-Audit\node_modules\@babel\runtime-corejs3\core-js-stable'
npm warn tar TAR_ENTRY_ERROR ENOENT: no such file or directory, lstat 'C:\Users\USA\Documents\QueenPamela\Open-Audit\node_modules\prismjs\components'
npm warn tar TAR_ENTRY_ERROR ENOENT: no such file or directory, lstat 'C:\Users\USA\Documents\QueenPamela\Open-Audit\node_modules\@babel\runtime-corejs3\core-js-stable'
npm warn tar TAR_ENTRY_ERROR ENOENT: no such file or directory, lstat 'C:\Users\USA\Documents\QueenPamela\Open-Audit\node_modules\prismjs\components'
npm warn tar TAR_ENTRY_ERROR ENOENT: no such file or directory, lstat 'C:\Users\USA\Documents\QueenPamela\Open-Audit\node_modules\@babel\runtime-corejs3\core-js-stable'
npm warn tar TAR_ENTRY_ERROR ENOENT: no such file or directory, lstat 'C:\Users\USA\Documents\QueenPamela\Open-Audit\node_modules\prismjs\components'
npm warn tar TAR_ENTRY_ERROR ENOENT: no such file or directory, lstat 'C:\Users\USA\Documents\QueenPamela\Open-Audit\node_modules\@babel\runtime-corejs3\core-js-stable'
npm warn tar TAR_ENTRY_ERROR ENOENT: no such file or directory, lstat 'C:\Users\USA\Documents\QueenPamela\Open-Audit\node_modules\prismjs\components'
npm warn tar TAR_ENTRY_ERROR ENOENT: no such file or directory, lstat 'C:\Users\USA\Documents\QueenPamela\Open-Audit\node_modules\@babel\runtime-corejs3\core-js-stable'
npm warn tar TAR_ENTRY_ERROR ENOENT: no such file or directory, lstat 'C:\Users\USA\Documents\QueenPamela\Open-Audit\node_modules\prismjs\components'
npm warn tar TAR_ENTRY_ERROR ENOENT: no such file or directory, lstat 'C:\Users\USA\Documents\QueenPamela\Open-Audit\node_modules\@babel\runtime-corejs3\core-js-stable'
npm warn tar TAR_ENTRY_ERROR ENOENT: no such file or directory, lstat 'C:\Users\USA\Documents\QueenPamela\Open-Audit\node_modules\prismjs\components'
npm warn tar TAR_ENTRY_ERROR ENOENT: no such file or directory, lstat 'C:\Users\USA\Documents\QueenPamela\Open-Audit\node_modules\@babel\runtime-corejs3\core-js-stable'
npm warn tar TAR_ENTRY_ERROR ENOENT: no such file or directory, lstat 'C:\Users\USA\Documents\QueenPamela\Open-Audit\node_modules\prismjs\components'
npm warn tar TAR_ENTRY_ERROR ENOENT: no such file or directory, lstat 'C:\Users\USA\Documents\QueenPamela\Open-Audit\node_modules\@babel\runtime-corejs3\core-js-stable'
npm warn tar TAR_ENTRY_ERROR ENOENT: no such file or directory, lstat 'C:\Users\USA\Documents\QueenPamela\Open-Audit\node_modules\prismjs\components'
npm warn tar TAR_ENTRY_ERROR ENOENT: no such file or directory, lstat 'C:\Users\USA\Documents\QueenPamela\Open-Audit\node_modules\@babel\runtime-corejs3\core-js-stable'
npm warn tar TAR_ENTRY_ERROR ENOENT: no such file or directory, lstat 'C:\Users\USA\Documents\QueenPamela\Open-Audit\node_modules\prismjs\components'
npm warn tar TAR_ENTRY_ERROR ENOENT: no such file or directory, lstat 'C:\Users\USA\Documents\QueenPamela\Open-Audit\node_modules\@babel\runtime-corejs3\core-js-stable'
npm warn tar TAR_ENTRY_ERROR ENOENT: no such file or directory, lstat 'C:\Users\USA\Documents\QueenPamela\Open-Audit\node_modules\prismjs\components'
npm warn tar TAR_ENTRY_ERROR ENOENT: no such file or directory, lstat 'C:\Users\USA\Documents\QueenPamela\Open-Audit\node_modules\@babel\runtime-corejs3\core-js-stable'
npm warn tar TAR_ENTRY_ERROR ENOENT: no such file or directory, lstat 'C:\Users\USA\Documents\QueenPamela\Open-Audit\node_modules\prismjs\components'
npm warn tar TAR_ENTRY_ERROR ENOENT: no such file or directory, lstat 'C:\Users\USA\Documents\QueenPamela\Open-Audit\node_modules\@babel\runtime-corejs3\core-js-stable'
npm warn tar TAR_ENTRY_ERROR ENOENT: no such file or directory, lstat 'C:\Users\USA\Documents\QueenPamela\Open-Audit\node_modules\prismjs\components'
npm warn tar TAR_ENTRY_ERROR ENOENT: no such file or directory, lstat 'C:\Users\USA\Documents\QueenPamela\Open-Audit\node_modules\@babel\runtime-corejs3\core-js-stable'
npm warn tar TAR_ENTRY_ERROR ENOENT: no such file or directory, lstat 'C:\Users\USA\Documents\QueenPamela\Open-Audit\node_modules\prismjs\components'
npm warn tar TAR_ENTRY_ERROR ENOENT: no such file or directory, lstat 'C:\Users\USA\Documents\QueenPamela\Open-Audit\node_modules\@babel\runtime-corejs3\core-js-stable'
npm warn tar TAR_ENTRY_ERROR ENOENT: no such file or directory, lstat 'C:\Users\USA\Documents\QueenPamela\Open-Audit\node_modules\prismjs\components'
npm warn tar TAR_ENTRY_ERROR ENOENT: no such file or directory, lstat 'C:\Users\USA\Documents\QueenPamela\Open-Audit\node_modules\@babel\runtime-corejs3\core-js-stable'
npm warn tar TAR_ENTRY_ERROR ENOENT: no such file or directory, lstat 'C:\Users\USA\Documents\QueenPamela\Open-Audit\node_modules\prismjs\components'
npm warn tar TAR_ENTRY_ERROR ENOENT: no such file or directory, lstat 'C:\Users\USA\Documents\QueenPamela\Open-Audit\node_modules\@babel\runtime-corejs3\core-js-stable'
npm warn tar TAR_ENTRY_ERROR ENOENT: no such file or directory, lstat 'C:\Users\USA\Documents\QueenPamela\Open-Audit\node_modules\prismjs\components'
npm warn tar TAR_ENTRY_ERROR ENOENT: no such file or directory, lstat 'C:\Users\USA\Documents\QueenPamela\Open-Audit\node_modules\@babel\runtime-corejs3\core-js-stable'
npm warn tar TAR_ENTRY_ERROR ENOENT: no such file or directory, lstat 'C:\Users\USA\Documents\QueenPamela\Open-Audit\node_modules\prismjs\components'
npm warn tar TAR_ENTRY_ERROR ENOENT: no such file or directory, lstat 'C:\Users\USA\Documents\QueenPamela\Open-Audit\node_modules\@babel\runtime-corejs3\core-js-stable'
npm warn tar TAR_ENTRY_ERROR ENOENT: no such file or directory, lstat 'C:\Users\USA\Documents\QueenPamela\Open-Audit\node_modules\prismjs\components'
npm warn tar TAR_ENTRY_ERROR ENOENT: no such file or directory, lstat 'C:\Users\USA\Documents\QueenPamela\Open-Audit\node_modules\@babel\runtime-corejs3\core-js-stable'
npm warn tar TAR_ENTRY_ERROR ENOENT: no such file or directory, lstat 'C:\Users\USA\Documents\QueenPamela\Open-Audit\node_modules\prismjs\components'
npm warn tar TAR_ENTRY_ERROR ENOENT: no such file or directory, lstat 'C:\Users\USA\Documents\QueenPamela\Open-Audit\node_modules\@babel\runtime-corejs3\core-js-stable'
npm warn tar TAR_ENTRY_ERROR ENOENT: no such file or directory, lstat 'C:\Users\USA\Documents\QueenPamela\Open-Audit\node_modules\prismjs\components'
npm warn tar TAR_ENTRY_ERROR ENOENT: no such file or directory, lstat 'C:\Users\USA\Documents\QueenPamela\Open-Audit\node_modules\@babel\runtime-corejs3\core-js-stable'
npm warn tar TAR_ENTRY_ERROR ENOENT: no such file or directory, lstat 'C:\Users\USA\Documents\QueenPamela\Open-Audit\node_modules\prismjs\components'
npm warn tar TAR_ENTRY_ERROR ENOENT: no such file or directory, lstat 'C:\Users\USA\Documents\QueenPamela\Open-Audit\node_modules\@babel\runtime-corejs3\core-js-stable'
npm warn tar TAR_ENTRY_ERROR ENOENT: no such file or directory, lstat 'C:\Users\USA\Documents\QueenPamela\Open-Audit\node_modules\prismjs\components'
npm warn tar TAR_ENTRY_ERROR ENOENT: no such file or directory, lstat 'C:\Users\USA\Documents\QueenPamela\Open-Audit\node_modules\@babel\runtime-corejs3\core-js-stable'
npm warn tar TAR_ENTRY_ERROR ENOENT: no such file or directory, lstat 'C:\Users\USA\Documents\QueenPamela\Open-Audit\node_modules\prismjs\components'
npm warn tar TAR_ENTRY_ERROR ENOENT: no such file or directory, lstat 'C:\Users\USA\Documents\QueenPamela\Open-Audit\node_modules\@babel\runtime-corejs3\core-js-stable'
npm warn tar TAR_ENTRY_ERROR ENOENT: no such file or directory, lstat 'C:\Users\USA\Documents\QueenPamela\Open-Audit\node_modules\prismjs\components'
npm warn tar TAR_ENTRY_ERROR ENOENT: no such file or directory, lstat 'C:\Users\USA\Documents\QueenPamela\Open-Audit\node_modules\@babel\runtime-corejs3\core-js-stable'
npm warn tar TAR_ENTRY_ERROR ENOENT: no such file or directory, lstat 'C:\Users\USA\Documents\QueenPamela\Open-Audit\node_modules\prismjs\components'
npm warn tar TAR_ENTRY_ERROR ENOENT: no such file or directory, lstat 'C:\Users\USA\Documents\QueenPamela\Open-Audit\node_modules\@babel\runtime-corejs3\core-js'
npm warn tar TAR_ENTRY_ERROR ENOENT: no such file or directory, lstat 'C:\Users\USA\Documents\QueenPamela\Open-Audit\node_modules\prismjs\components'
npm warn tar TAR_ENTRY_ERROR ENOENT: no such file or directory, lstat 'C:\Users\USA\Documents\QueenPamela\Open-Audit\node_modules\@babel\runtime-corejs3\core-js'
npm warn tar TAR_ENTRY_ERROR ENOENT: no such file or directory, lstat 'C:\Users\USA\Documents\QueenPamela\Open-Audit\node_modules\prismjs\components'
npm warn tar TAR_ENTRY_ERROR ENOENT: no such file or directory, lstat 'C:\Users\USA\Documents\QueenPamela\Open-Audit\node_modules\@babel\runtime-corejs3\core-js'
npm warn tar TAR_ENTRY_ERROR ENOENT: no such file or directory, lstat 'C:\Users\USA\Documents\QueenPamela\Open-Audit\node_modules\prismjs\components'
npm warn tar TAR_ENTRY_ERROR ENOENT: no such file or directory, lstat 'C:\Users\USA\Documents\QueenPamela\Open-Audit\node_modules\@babel\runtime-corejs3\core-js'
npm warn tar TAR_ENTRY_ERROR ENOENT: no such file or directory, lstat 'C:\Users\USA\Documents\QueenPamela\Open-Audit\node_modules\prismjs\components'
npm warn tar TAR_ENTRY_ERROR ENOENT: no such file or directory, lstat 'C:\Users\USA\Documents\QueenPamela\Open-Audit\node_modules\@babel\runtime-corejs3\core-js'
npm warn tar TAR_ENTRY_ERROR ENOENT: no such file or directory, lstat 'C:\Users\USA\Documents\QueenPamela\Open-Audit\node_modules\prismjs\components'
npm warn tar TAR_ENTRY_ERROR ENOENT: no such file or directory, lstat 'C:\Users\USA\Documents\QueenPamela\Open-Audit\node_modules\@babel\runtime-corejs3\core-js'
npm warn tar TAR_ENTRY_ERROR ENOENT: no such file or directory, lstat 'C:\Users\USA\Documents\QueenPamela\Open-Audit\node_modules\prismjs\components'
npm warn tar TAR_ENTRY_ERROR ENOENT: no such file or directory, lstat 'C:\Users\USA\Documents\QueenPamela\Open-Audit\node_modules\@babel\runtime-corejs3\core-js'
npm warn tar TAR_ENTRY_ERROR ENOENT: no such file or directory, lstat 'C:\Users\USA\Documents\QueenPamela\Open-Audit\node_modules\prismjs\components'
npm warn tar TAR_ENTRY_ERROR ENOENT: no such file or directory, lstat 'C:\Users\USA\Documents\QueenPamela\Open-Audit\node_modules\@babel\runtime-corejs3\core-js'
npm warn tar TAR_ENTRY_ERROR ENOENT: no such file or directory, lstat 'C:\Users\USA\Documents\QueenPamela\Open-Audit\node_modules\prismjs\components'
npm warn tar TAR_ENTRY_ERROR ENOENT: no such file or directory, lstat 'C:\Users\USA\Documents\QueenPamela\Open-Audit\node_modules\@babel\runtime-corejs3\core-js'
npm warn tar TAR_ENTRY_ERROR ENOENT: no such file or directory, lstat 'C:\Users\USA\Documents\QueenPamela\Open-Audit\node_modules\prismjs\components'
npm warn tar TAR_ENTRY_ERROR ENOENT: no such file or directory, lstat 'C:\Users\USA\Documents\QueenPamela\Open-Audit\node_modules\@babel\runtime-corejs3\core-js'
npm warn tar TAR_ENTRY_ERROR ENOENT: no such file or directory, lstat 'C:\Users\USA\Documents\QueenPamela\Open-Audit\node_modules\prismjs\components'
npm warn tar TAR_ENTRY_ERROR ENOENT: no such file or directory, lstat 'C:\Users\USA\Documents\QueenPamela\Open-Audit\node_modules\@babel\runtime-corejs3\core-js'
npm warn tar TAR_ENTRY_ERROR ENOENT: no such file or directory, lstat 'C:\Users\USA\Documents\QueenPamela\Open-Audit\node_modules\prismjs\components'
npm warn tar TAR_ENTRY_ERROR ENOENT: no such file or directory, lstat 'C:\Users\USA\Documents\QueenPamela\Open-Audit\node_modules\@babel\runtime-corejs3\core-js'
npm warn tar TAR_ENTRY_ERROR ENOENT: no such file or directory, lstat 'C:\Users\USA\Documents\QueenPamela\Open-Audit\node_modules\prismjs\components'
npm warn tar TAR_ENTRY_ERROR ENOENT: no such file or directory, lstat 'C:\Users\USA\Documents\QueenPamela\Open-Audit\node_modules\@babel\runtime-corejs3\core-js'
npm warn tar TAR_ENTRY_ERROR ENOENT: no such file or directory, lstat 'C:\Users\USA\Documents\QueenPamela\Open-Audit\node_modules\prismjs\components'
npm warn tar TAR_ENTRY_ERROR ENOENT: no such file or directory, lstat 'C:\Users\USA\Documents\QueenPamela\Open-Audit\node_modules\@babel\runtime-corejs3\core-js'
npm warn tar TAR_ENTRY_ERROR ENOENT: no such file or directory, lstat 'C:\Users\USA\Documents\QueenPamela\Open-Audit\node_modules\prismjs\components'
npm warn tar TAR_ENTRY_ERROR ENOENT: no such file or directory, lstat 'C:\Users\USA\Documents\QueenPamela\Open-Audit\node_modules\@babel\runtime-corejs3\core-js'
npm warn tar TAR_ENTRY_ERROR ENOENT: no such file or directory, lstat 'C:\Users\USA\Documents\QueenPamela\Open-Audit\node_modules\prismjs\components'
npm warn tar TAR_ENTRY_ERROR ENOENT: no such file or directory, lstat 'C:\Users\USA\Documents\QueenPamela\Open-Audit\node_modules\@babel\runtime-corejs3\core-js'
npm warn tar TAR_ENTRY_ERROR ENOENT: no such file or directory, lstat 'C:\Users\USA\Documents\QueenPamela\Open-Audit\node_modules\prismjs\plugins'
npm warn tar TAR_ENTRY_ERROR ENOENT: no such file or directory, lstat 'C:\Users\USA\Documents\QueenPamela\Open-Audit\node_modules\@babel\runtime-corejs3\core-js'
npm warn tar TAR_ENTRY_ERROR ENOENT: no such file or directory, lstat 'C:\Users\USA\Documents\QueenPamela\Open-Audit\node_modules\prismjs\plugins'
npm warn tar TAR_ENTRY_ERROR ENOENT: no such file or directory, lstat 'C:\Users\USA\Documents\QueenPamela\Open-Audit\node_modules\@babel\runtime-corejs3\core-js'
npm warn tar TAR_ENTRY_ERROR ENOENT: no such file or directory, lstat 'C:\Users\USA\Documents\QueenPamela\Open-Audit\node_modules\prismjs\components'
npm warn tar TAR_ENTRY_ERROR ENOENT: no such file or directory, lstat 'C:\Users\USA\Documents\QueenPamela\Open-Audit\node_modules\@babel\runtime-corejs3\core-js'
npm warn tar TAR_ENTRY_ERROR ENOENT: no such file or directory, lstat 'C:\Users\USA\Documents\QueenPamela\Open-Audit\node_modules\prismjs\components'
npm warn tar TAR_ENTRY_ERROR ENOENT: no such file or directory, lstat 'C:\Users\USA\Documents\QueenPamela\Open-Audit\node_modules\@babel\runtime-corejs3\core-js'
npm warn tar TAR_ENTRY_ERROR ENOENT: no such file or directory, lstat 'C:\Users\USA\Documents\QueenPamela\Open-Audit\node_modules\prismjs\components'
npm warn tar TAR_ENTRY_ERROR ENOENT: no such file or directory, lstat 'C:\Users\USA\Documents\QueenPamela\Open-Audit\node_modules\@babel\runtime-corejs3\core-js'
npm warn tar TAR_ENTRY_ERROR ENOENT: no such file or directory, lstat 'C:\Users\USA\Documents\QueenPamela\Open-Audit\node_modules\prismjs\components'
npm warn tar TAR_ENTRY_ERROR ENOENT: no such file or directory, lstat 'C:\Users\USA\Documents\QueenPamela\Open-Audit\node_modules\@babel\runtime-corejs3\core-js'
npm warn tar TAR_ENTRY_ERROR ENOENT: no such file or directory, lstat 'C:\Users\USA\Documents\QueenPamela\Open-Audit\node_modules\prismjs\plugins'
npm warn tar TAR_ENTRY_ERROR ENOENT: no such file or directory, lstat 'C:\Users\USA\Documents\QueenPamela\Open-Audit\node_modules\@babel\runtime-corejs3\core-js'
npm warn tar TAR_ENTRY_ERROR ENOENT: no such file or directory, lstat 'C:\Users\USA\Documents\QueenPamela\Open-Audit\node_modules\prismjs\plugins'
npm warn tar TAR_ENTRY_ERROR ENOENT: no such file or directory, lstat 'C:\Users\USA\Documents\QueenPamela\Open-Audit\node_modules\@babel\runtime-corejs3\core-js'
npm warn tar TAR_ENTRY_ERROR ENOENT: no such file or directory, lstat 'C:\Users\USA\Documents\QueenPamela\Open-Audit\node_modules\prismjs\components'
npm warn tar TAR_ENTRY_ERROR ENOENT: no such file or directory, lstat 'C:\Users\USA\Documents\QueenPamela\Open-Audit\node_modules\@babel\runtime-corejs3\core-js'
npm warn tar TAR_ENTRY_ERROR ENOENT: no such file or directory, lstat 'C:\Users\USA\Documents\QueenPamela\Open-Audit\node_modules\prismjs\components'
npm warn tar TAR_ENTRY_ERROR ENOENT: no such file or directory, lstat 'C:\Users\USA\Documents\QueenPamela\Open-Audit\node_modules\@babel\runtime-corejs3\core-js'
npm warn tar TAR_ENTRY_ERROR ENOENT: no such file or directory, lstat 'C:\Users\USA\Documents\QueenPamela\Open-Audit\node_modules\prismjs\components'
npm warn tar TAR_ENTRY_ERROR ENOENT: no such file or directory, lstat 'C:\Users\USA\Documents\QueenPamela\Open-Audit\node_modules\@babel\runtime-corejs3\core-js'
npm warn tar TAR_ENTRY_ERROR ENOENT: no such file or directory, lstat 'C:\Users\USA\Documents\QueenPamela\Open-Audit\node_modules\prismjs\components'
npm warn tar TAR_ENTRY_ERROR ENOENT: no such file or directory, lstat 'C:\Users\USA\Documents\QueenPamela\Open-Audit\node_modules\@babel\runtime-corejs3\core-js'
npm warn tar TAR_ENTRY_ERROR ENOENT: no such file or directory, lstat 'C:\Users\USA\Documents\QueenPamela\Open-Audit\node_modules\prismjs\components'
npm warn tar TAR_ENTRY_ERROR ENOENT: no such file or directory, lstat 'C:\Users\USA\Documents\QueenPamela\Open-Audit\node_modules\@babel\runtime-corejs3\core-js'
npm warn tar TAR_ENTRY_ERROR ENOENT: no such file or directory, lstat 'C:\Users\USA\Documents\QueenPamela\Open-Audit\node_modules\prismjs\components'
npm warn tar TAR_ENTRY_ERROR ENOENT: no such file or directory, lstat 'C:\Users\USA\Documents\QueenPamela\Open-Audit\node_modules\@babel\runtime-corejs3\core-js'
npm warn tar TAR_ENTRY_ERROR ENOENT: no such file or directory, lstat 'C:\Users\USA\Documents\QueenPamela\Open-Audit\node_modules\prismjs\components'
npm warn tar TAR_ENTRY_ERROR ENOENT: no such file or directory, lstat 'C:\Users\USA\Documents\QueenPamela\Open-Audit\node_modules\@babel\runtime-corejs3\core-js'
npm warn tar TAR_ENTRY_ERROR ENOENT: no such file or directory, lstat 'C:\Users\USA\Documents\QueenPamela\Open-Audit\node_modules\prismjs\components'
npm warn tar TAR_ENTRY_ERROR ENOENT: no such file or directory, lstat 'C:\Users\USA\Documents\QueenPamela\Open-Audit\node_modules\@babel\runtime-corejs3\core-js'
npm warn tar TAR_ENTRY_ERROR ENOENT: no such file or directory, lstat 'C:\Users\USA\Documents\QueenPamela\Open-Audit\node_modules\prismjs\components'
npm warn tar TAR_ENTRY_ERROR ENOENT: no such file or directory, lstat 'C:\Users\USA\Documents\QueenPamela\Open-Audit\node_modules\@babel\runtime-corejs3\core-js'
npm warn tar TAR_ENTRY_ERROR ENOENT: no such file or directory, lstat 'C:\Users\USA\Documents\QueenPamela\Open-Audit\node_modules\prismjs\components'
npm warn tar TAR_ENTRY_ERROR ENOENT: no such file or directory, lstat 'C:\Users\USA\Documents\QueenPamela\Open-Audit\node_modules\@babel\runtime-corejs3\core-js'
npm warn tar TAR_ENTRY_ERROR ENOENT: no such file or directory, lstat 'C:\Users\USA\Documents\QueenPamela\Open-Audit\node_modules\prismjs\components'
npm warn tar TAR_ENTRY_ERROR ENOENT: no such file or directory, lstat 'C:\Users\USA\Documents\QueenPamela\Open-Audit\node_modules\@babel\runtime-corejs3\core-js'
npm warn tar TAR_ENTRY_ERROR ENOENT: no such file or directory, lstat 'C:\Users\USA\Documents\QueenPamela\Open-Audit\node_modules\prismjs\components'
npm warn tar TAR_ENTRY_ERROR ENOENT: no such file or directory, lstat 'C:\Users\USA\Documents\QueenPamela\Open-Audit\node_modules\@babel\runtime-corejs3\core-js'
npm warn tar TAR_ENTRY_ERROR ENOENT: no such file or directory, lstat 'C:\Users\USA\Documents\QueenPamela\Open-Audit\node_modules\prismjs\components'
npm warn tar TAR_ENTRY_ERROR ENOENT: no such file or directory, lstat 'C:\Users\USA\Documents\QueenPamela\Open-Audit\node_modules\@babel\runtime-corejs3\core-js'
npm warn tar TAR_ENTRY_ERROR ENOENT: no such file or directory, lstat 'C:\Users\USA\Documents\QueenPamela\Open-Audit\node_modules\prismjs\components'
npm warn tar TAR_ENTRY_ERROR ENOENT: no such file or directory, lstat 'C:\Users\USA\Documents\QueenPamela\Open-Audit\node_modules\@babel\runtime-corejs3\core-js'
npm warn tar TAR_ENTRY_ERROR ENOENT: no such file or directory, lstat 'C:\Users\USA\Documents\QueenPamela\Open-Audit\node_modules\prismjs\components'
npm warn tar TAR_ENTRY_ERROR ENOENT: no such file or directory, lstat 'C:\Users\USA\Documents\QueenPamela\Open-Audit\node_modules\@babel\runtime-corejs3\core-js'
npm warn tar TAR_ENTRY_ERROR ENOENT: no such file or directory, lstat 'C:\Users\USA\Documents\QueenPamela\Open-Audit\node_modules\prismjs\components'
npm warn tar TAR_ENTRY_ERROR ENOENT: no such file or directory, lstat 'C:\Users\USA\Documents\QueenPamela\Open-Audit\node_modules\@babel\runtime-corejs3\core-js'
npm warn tar TAR_ENTRY_ERROR ENOENT: no such file or directory, lstat 'C:\Users\USA\Documents\QueenPamela\Open-Audit\node_modules\prismjs\components'
npm warn tar TAR_ENTRY_ERROR ENOENT: no such file or directory, lstat 'C:\Users\USA\Documents\QueenPamela\Open-Audit\node_modules\@babel\runtime-corejs3\core-js'
npm warn tar TAR_ENTRY_ERROR ENOENT: no such file or directory, lstat 'C:\Users\USA\Documents\QueenPamela\Open-Audit\node_modules\prismjs\components'
npm warn tar TAR_ENTRY_ERROR ENOENT: no such file or directory, lstat 'C:\Users\USA\Documents\QueenPamela\Open-Audit\node_modules\@babel\runtime-corejs3\core-js'
npm warn tar TAR_ENTRY_ERROR ENOENT: no such file or directory, lstat 'C:\Users\USA\Documents\QueenPamela\Open-Audit\node_modules\prismjs\components'
npm warn tar TAR_ENTRY_ERROR ENOENT: no such file or directory, lstat 'C:\Users\USA\Documents\QueenPamela\Open-Audit\node_modules\@babel\runtime-corejs3\core-js'
npm warn tar TAR_ENTRY_ERROR ENOENT: no such file or directory, lstat 'C:\Users\USA\Documents\QueenPamela\Open-Audit\node_modules\prismjs\components'
npm warn tar TAR_ENTRY_ERROR ENOENT: no such file or directory, lstat 'C:\Users\USA\Documents\QueenPamela\Open-Audit\node_modules\@babel\runtime-corejs3\core-js'
npm warn tar TAR_ENTRY_ERROR ENOENT: no such file or directory, lstat 'C:\Users\USA\Documents\QueenPamela\Open-Audit\node_modules\prismjs\components'
npm warn tar TAR_ENTRY_ERROR ENOENT: no such file or directory, lstat 'C:\Users\USA\Documents\QueenPamela\Open-Audit\node_modules\@babel\runtime-corejs3\core-js'
npm warn tar TAR_ENTRY_ERROR ENOENT: no such file or directory, lstat 'C:\Users\USA\Documents\QueenPamela\Open-Audit\node_modules\prismjs\components'
npm warn tar TAR_ENTRY_ERROR ENOENT: no such file or directory, lstat 'C:\Users\USA\Documents\QueenPamela\Open-Audit\node_modules\@babel\runtime-corejs3\core-js'
npm warn tar TAR_ENTRY_ERROR ENOENT: no such file or directory, lstat 'C:\Users\USA\Documents\QueenPamela\Open-Audit\node_modules\prismjs\plugins'
npm warn tar TAR_ENTRY_ERROR ENOENT: no such file or directory, lstat 'C:\Users\USA\Documents\QueenPamela\Open-Audit\node_modules\@babel\runtime-corejs3\core-js'
npm warn tar TAR_ENTRY_ERROR ENOENT: no such file or directory, lstat 'C:\Users\USA\Documents\QueenPamela\Open-Audit\node_modules\prismjs\plugins'
npm warn tar TAR_ENTRY_ERROR ENOENT: no such file or directory, lstat 'C:\Users\USA\Documents\QueenPamela\Open-Audit\node_modules\@babel\runtime-corejs3\core-js'
npm warn tar TAR_ENTRY_ERROR ENOENT: no such file or directory, lstat 'C:\Users\USA\Documents\QueenPamela\Open-Audit\node_modules\prismjs\components'
npm warn tar TAR_ENTRY_ERROR ENOENT: no such file or directory, lstat 'C:\Users\USA\Documents\QueenPamela\Open-Audit\node_modules\@babel\runtime-corejs3\core-js'
npm warn tar TAR_ENTRY_ERROR ENOENT: no such file or directory, lstat 'C:\Users\USA\Documents\QueenPamela\Open-Audit\node_modules\prismjs\components'
npm warn tar TAR_ENTRY_ERROR ENOENT: no such file or directory, lstat 'C:\Users\USA\Documents\QueenPamela\Open-Audit\node_modules\@babel\runtime-corejs3\core-js'
npm warn tar TAR_ENTRY_ERROR ENOENT: no such file or directory, lstat 'C:\Users\USA\Documents\QueenPamela\Open-Audit\node_modules\prismjs\components'
npm warn tar TAR_ENTRY_ERROR ENOENT: no such file or directory, lstat 'C:\Users\USA\Documents\QueenPamela\Open-Audit\node_modules\@babel\runtime-corejs3\core-js'
npm warn tar TAR_ENTRY_ERROR ENOENT: no such file or directory, lstat 'C:\Users\USA\Documents\QueenPamela\Open-Audit\node_modules\prismjs\components'
npm warn tar TAR_ENTRY_ERROR ENOENT: no such file or directory, lstat 'C:\Users\USA\Documents\QueenPamela\Open-Audit\node_modules\@babel\runtime-corejs3\core-js'
npm warn tar TAR_ENTRY_ERROR ENOENT: no such file or directory, lstat 'C:\Users\USA\Documents\QueenPamela\Open-Audit\node_modules\prismjs\components'
npm warn tar TAR_ENTRY_ERROR ENOENT: no such file or directory, lstat 'C:\Users\USA\Documents\QueenPamela\Open-Audit\node_modules\@babel\runtime-corejs3\core-js'
npm warn tar TAR_ENTRY_ERROR ENOENT: no such file or directory, lstat 'C:\Users\USA\Documents\QueenPamela\Open-Audit\node_modules\prismjs\components'
npm warn tar TAR_ENTRY_ERROR ENOENT: no such file or directory, lstat 'C:\Users\USA\Documents\QueenPamela\Open-Audit\node_modules\@babel\runtime-corejs3\core-js'
npm warn tar TAR_ENTRY_ERROR ENOENT: no such file or directory, lstat 'C:\Users\USA\Documents\QueenPamela\Open-Audit\node_modules\prismjs\plugins'
npm warn tar TAR_ENTRY_ERROR ENOENT: no such file or directory, lstat 'C:\Users\USA\Documents\QueenPamela\Open-Audit\node_modules\@babel\runtime-corejs3\core-js'
npm warn tar TAR_ENTRY_ERROR ENOENT: no such file or directory, lstat 'C:\Users\USA\Documents\QueenPamela\Open-Audit\node_modules\prismjs\plugins'
npm warn tar TAR_ENTRY_ERROR ENOENT: no such file or directory, lstat 'C:\Users\USA\Documents\QueenPamela\Open-Audit\node_modules\@babel\runtime-corejs3\core-js'
npm warn tar TAR_ENTRY_ERROR ENOENT: no such file or directory, lstat 'C:\Users\USA\Documents\QueenPamela\Open-Audit\node_modules\prismjs\components'
npm warn tar TAR_ENTRY_ERROR ENOENT: no such file or directory, lstat 'C:\Users\USA\Documents\QueenPamela\Open-Audit\node_modules\@babel\runtime-corejs3\core-js'
npm warn tar TAR_ENTRY_ERROR ENOENT: no such file or directory, lstat 'C:\Users\USA\Documents\QueenPamela\Open-Audit\node_modules\prismjs\components'
npm warn tar TAR_ENTRY_ERROR ENOENT: no such file or directory, lstat 'C:\Users\USA\Documents\QueenPamela\Open-Audit\node_modules\@babel\runtime-corejs3\core-js'
npm warn tar TAR_ENTRY_ERROR ENOENT: no such file or directory, lstat 'C:\Users\USA\Documents\QueenPamela\Open-Audit\node_modules\prismjs\components'
npm warn tar TAR_ENTRY_ERROR ENOENT: no such file or directory, lstat 'C:\Users\USA\Documents\QueenPamela\Open-Audit\node_modules\@babel\runtime-corejs3\core-js'
npm warn tar TAR_ENTRY_ERROR ENOENT: no such file or directory, lstat 'C:\Users\USA\Documents\QueenPamela\Open-Audit\node_modules\prismjs\components'
npm warn tar TAR_ENTRY_ERROR ENOENT: no such file or directory, lstat 'C:\Users\USA\Documents\QueenPamela\Open-Audit\node_modules\@babel\runtime-corejs3\core-js'
npm warn tar TAR_ENTRY_ERROR ENOENT: no such file or directory, lstat 'C:\Users\USA\Documents\QueenPamela\Open-Audit\node_modules\prismjs\components'
npm warn tar TAR_ENTRY_ERROR ENOENT: no such file or directory, lstat 'C:\Users\USA\Documents\QueenPamela\Open-Audit\node_modules\@babel\runtime-corejs3\core-js'
npm warn tar TAR_ENTRY_ERROR ENOENT: no such file or directory, lstat 'C:\Users\USA\Documents\QueenPamela\Open-Audit\node_modules\prismjs\components'
npm warn tar TAR_ENTRY_ERROR ENOENT: no such file or directory, lstat 'C:\Users\USA\Documents\QueenPamela\Open-Audit\node_modules\@babel\runtime-corejs3\core-js'
npm warn tar TAR_ENTRY_ERROR ENOENT: no such file or directory, lstat 'C:\Users\USA\Documents\QueenPamela\Open-Audit\node_modules\prismjs\plugins'
npm warn tar TAR_ENTRY_ERROR ENOENT: no such file or directory, lstat 'C:\Users\USA\Documents\QueenPamela\Open-Audit\node_modules\@babel\runtime-corejs3\core-js'
npm warn tar TAR_ENTRY_ERROR ENOENT: no such file or directory, lstat 'C:\Users\USA\Documents\QueenPamela\Open-Audit\node_modules\prismjs\plugins'
npm warn tar TAR_ENTRY_ERROR ENOENT: no such file or directory, lstat 'C:\Users\USA\Documents\QueenPamela\Open-Audit\node_modules\@babel\runtime-corejs3\core-js'
npm warn tar TAR_ENTRY_ERROR ENOENT: no such file or directory, lstat 'C:\Users\USA\Documents\QueenPamela\Open-Audit\node_modules\prismjs\components'
npm warn tar TAR_ENTRY_ERROR ENOENT: no such file or directory, lstat 'C:\Users\USA\Documents\QueenPamela\Open-Audit\node_modules\@babel\runtime-corejs3\core-js'
npm warn tar TAR_ENTRY_ERROR ENOENT: no such file or directory, lstat 'C:\Users\USA\Documents\QueenPamela\Open-Audit\node_modules\prismjs\components'
npm warn tar TAR_ENTRY_ERROR ENOENT: no such file or directory, lstat 'C:\Users\USA\Documents\QueenPamela\Open-Audit\node_modules\@babel\runtime-corejs3\core-js'
npm warn tar TAR_ENTRY_ERROR ENOENT: no such file or directory, lstat 'C:\Users\USA\Documents\QueenPamela\Open-Audit\node_modules\prismjs\components'
npm warn tar TAR_ENTRY_ERROR ENOENT: no such file or directory, lstat 'C:\Users\USA\Documents\QueenPamela\Open-Audit\node_modules\@babel\runtime-corejs3\core-js'
npm warn tar TAR_ENTRY_ERROR ENOENT: no such file or directory, lstat 'C:\Users\USA\Documents\QueenPamela\Open-Audit\node_modules\prismjs\components'
npm warn tar TAR_ENTRY_ERROR ENOENT: no such file or directory, lstat 'C:\Users\USA\Documents\QueenPamela\Open-Audit\node_modules\@babel\runtime-corejs3\core-js'
npm warn tar TAR_ENTRY_ERROR ENOENT: no such file or directory, lstat 'C:\Users\USA\Documents\QueenPamela\Open-Audit\node_modules\prismjs\components'
npm warn tar TAR_ENTRY_ERROR ENOENT: no such file or directory, lstat 'C:\Users\USA\Documents\QueenPamela\Open-Audit\node_modules\@babel\runtime-corejs3\core-js'
npm warn tar TAR_ENTRY_ERROR ENOENT: no such file or directory, lstat 'C:\Users\USA\Documents\QueenPamela\Open-Audit\node_modules\prismjs\components'
npm warn tar TAR_ENTRY_ERROR ENOENT: no such file or directory, lstat 'C:\Users\USA\Documents\QueenPamela\Open-Audit\node_modules\@babel\runtime-corejs3\core-js'
npm warn tar TAR_ENTRY_ERROR ENOENT: no such file or directory, lstat 'C:\Users\USA\Documents\QueenPamela\Open-Audit\node_modules\prismjs\components'
npm warn tar TAR_ENTRY_ERROR ENOENT: no such file or directory, lstat 'C:\Users\USA\Documents\QueenPamela\Open-Audit\node_modules\@babel\runtime-corejs3\core-js'
npm warn tar TAR_ENTRY_ERROR ENOENT: no such file or directory, lstat 'C:\Users\USA\Documents\QueenPamela\Open-Audit\node_modules\prismjs\components'
npm warn tar TAR_ENTRY_ERROR ENOENT: no such file or directory, lstat 'C:\Users\USA\Documents\QueenPamela\Open-Audit\node_modules\@babel\runtime-corejs3\core-js'
npm warn tar TAR_ENTRY_ERROR ENOENT: no such file or directory, lstat 'C:\Users\USA\Documents\QueenPamela\Open-Audit\node_modules\prismjs\components'
npm warn tar TAR_ENTRY_ERROR ENOENT: no such file or directory, lstat 'C:\Users\USA\Documents\QueenPamela\Open-Audit\node_modules\@babel\runtime-corejs3\core-js'
npm warn tar TAR_ENTRY_ERROR ENOENT: no such file or directory, lstat 'C:\Users\USA\Documents\QueenPamela\Open-Audit\node_modules\prismjs\components'
npm warn tar TAR_ENTRY_ERROR ENOENT: no such file or directory, lstat 'C:\Users\USA\Documents\QueenPamela\Open-Audit\node_modules\@babel\runtime-corejs3\core-js'
npm warn tar TAR_ENTRY_ERROR ENOENT: no such file or directory, lstat 'C:\Users\USA\Documents\QueenPamela\Open-Audit\node_modules\prismjs\plugins'
npm warn tar TAR_ENTRY_ERROR ENOENT: no such file or directory, lstat 'C:\Users\USA\Documents\QueenPamela\Open-Audit\node_modules\@babel\runtime-corejs3\core-js'
npm warn tar TAR_ENTRY_ERROR ENOENT: no such file or directory, lstat 'C:\Users\USA\Documents\QueenPamela\Open-Audit\node_modules\prismjs\plugins'
npm warn tar TAR_ENTRY_ERROR ENOENT: no such file or directory, lstat 'C:\Users\USA\Documents\QueenPamela\Open-Audit\node_modules\@babel\runtime-corejs3\core-js'
npm warn tar TAR_ENTRY_ERROR ENOENT: no such file or directory, lstat 'C:\Users\USA\Documents\QueenPamela\Open-Audit\node_modules\prismjs\components'
npm warn tar TAR_ENTRY_ERROR ENOENT: no such file or directory, lstat 'C:\Users\USA\Documents\QueenPamela\Open-Audit\node_modules\@babel\runtime-corejs3\core-js'
npm warn tar TAR_ENTRY_ERROR ENOENT: no such file or directory, lstat 'C:\Users\USA\Documents\QueenPamela\Open-Audit\node_modules\prismjs\components'
npm warn tar TAR_ENTRY_ERROR ENOENT: no such file or directory, lstat 'C:\Users\USA\Documents\QueenPamela\Open-Audit\node_modules\@babel\runtime-corejs3\core-js'
npm warn tar TAR_ENTRY_ERROR ENOENT: no such file or directory, lstat 'C:\Users\USA\Documents\QueenPamela\Open-Audit\node_modules\prismjs\components'
npm warn tar TAR_ENTRY_ERROR ENOENT: no such file or directory, lstat 'C:\Users\USA\Documents\QueenPamela\Open-Audit\node_modules\@babel\runtime-corejs3\core-js'
npm warn tar TAR_ENTRY_ERROR ENOENT: no such file or directory, lstat 'C:\Users\USA\Documents\QueenPamela\Open-Audit\node_modules\prismjs\components'
npm warn tar TAR_ENTRY_ERROR ENOENT: no such file or directory, lstat 'C:\Users\USA\Documents\QueenPamela\Open-Audit\node_modules\@babel\runtime-corejs3\core-js'
npm warn tar TAR_ENTRY_ERROR ENOENT: no such file or directory, lstat 'C:\Users\USA\Documents\QueenPamela\Open-Audit\node_modules\prismjs\components'
npm warn tar TAR_ENTRY_ERROR ENOENT: no such file or directory, lstat 'C:\Users\USA\Documents\QueenPamela\Open-Audit\node_modules\@babel\runtime-corejs3\core-js'
npm warn tar TAR_ENTRY_ERROR ENOENT: no such file or directory, lstat 'C:\Users\USA\Documents\QueenPamela\Open-Audit\node_modules\prismjs\components'
npm warn tar TAR_ENTRY_ERROR ENOENT: no such file or directory, lstat 'C:\Users\USA\Documents\QueenPamela\Open-Audit\node_modules\@babel\runtime-corejs3\core-js'
npm warn tar TAR_ENTRY_ERROR ENOENT: no such file or directory, lstat 'C:\Users\USA\Documents\QueenPamela\Open-Audit\node_modules\prismjs\components'
npm warn tar TAR_ENTRY_ERROR ENOENT: no such file or directory, lstat 'C:\Users\USA\Documents\QueenPamela\Open-Audit\node_modules\@babel\runtime-corejs3\core-js'
npm warn tar TAR_ENTRY_ERROR ENOENT: no such file or directory, lstat 'C:\Users\USA\Documents\QueenPamela\Open-Audit\node_modules\prismjs\components'
npm warn tar TAR_ENTRY_ERROR ENOENT: no such file or directory, lstat 'C:\Users\USA\Documents\QueenPamela\Open-Audit\node_modules\@babel\runtime-corejs3\core-js'
npm warn tar TAR_ENTRY_ERROR ENOENT: no such file or directory, lstat 'C:\Users\USA\Documents\QueenPamela\Open-Audit\node_modules\prismjs\components'
npm warn tar TAR_ENTRY_ERROR ENOENT: no such file or directory, lstat 'C:\Users\USA\Documents\QueenPamela\Open-Audit\node_modules\@babel\runtime-corejs3\core-js'
npm warn tar TAR_ENTRY_ERROR ENOENT: no such file or directory, lstat 'C:\Users\USA\Documents\QueenPamela\Open-Audit\node_modules\prismjs\components'
npm warn tar TAR_ENTRY_ERROR ENOENT: no such file or directory, lstat 'C:\Users\USA\Documents\QueenPamela\Open-Audit\node_modules\@babel\runtime-corejs3\core-js'
npm warn tar TAR_ENTRY_ERROR ENOENT: no such file or directory, lstat 'C:\Users\USA\Documents\QueenPamela\Open-Audit\node_modules\prismjs\components'
npm warn tar TAR_ENTRY_ERROR ENOENT: no such file or directory, lstat 'C:\Users\USA\Documents\QueenPamela\Open-Audit\node_modules\@babel\runtime-corejs3\core-js'
npm warn tar TAR_ENTRY_ERROR ENOENT: no such file or directory, lstat 'C:\Users\USA\Documents\QueenPamela\Open-Audit\node_modules\prismjs\components'
npm warn tar TAR_ENTRY_ERROR ENOENT: no such file or directory, lstat 'C:\Users\USA\Documents\QueenPamela\Open-Audit\node_modules\@babel\runtime-corejs3\core-js'
npm warn tar TAR_ENTRY_ERROR ENOENT: no such file or directory, lstat 'C:\Users\USA\Documents\QueenPamela\Open-Audit\node_modules\prismjs\components'
npm warn tar TAR_ENTRY_ERROR ENOENT: no such file or directory, lstat 'C:\Users\USA\Documents\QueenPamela\Open-Audit\node_modules\@babel\runtime-corejs3\core-js'
npm warn tar TAR_ENTRY_ERROR ENOENT: no such file or directory, lstat 'C:\Users\USA\Documents\QueenPamela\Open-Audit\node_modules\prismjs\components'
npm warn tar TAR_ENTRY_ERROR ENOENT: no such file or directory, lstat 'C:\Users\USA\Documents\QueenPamela\Open-Audit\node_modules\@babel\runtime-corejs3\core-js'
npm warn tar TAR_ENTRY_ERROR ENOENT: no such file or directory, lstat 'C:\Users\USA\Documents\QueenPamela\Open-Audit\node_modules\prismjs\components'
npm warn tar TAR_ENTRY_ERROR ENOENT: no such file or directory, lstat 'C:\Users\USA\Documents\QueenPamela\Open-Audit\node_modules\@babel\runtime-corejs3\core-js'
npm warn tar TAR_ENTRY_ERROR ENOENT: no such file or directory, lstat 'C:\Users\USA\Documents\QueenPamela\Open-Audit\node_modules\prismjs\components'
npm warn tar TAR_ENTRY_ERROR ENOENT: no such file or directory, lstat 'C:\Users\USA\Documents\QueenPamela\Open-Audit\node_modules\@babel\runtime-corejs3\core-js'
npm warn tar TAR_ENTRY_ERROR ENOENT: no such file or directory, lstat 'C:\Users\USA\Documents\QueenPamela\Open-Audit\node_modules\prismjs\components'
npm warn tar TAR_ENTRY_ERROR ENOENT: no such file or directory, lstat 'C:\Users\USA\Documents\QueenPamela\Open-Audit\node_modules\@babel\runtime-corejs3\core-js'
npm warn tar TAR_ENTRY_ERROR ENOENT: no such file or directory, lstat 'C:\Users\USA\Documents\QueenPamela\Open-Audit\node_modules\prismjs\components'
npm warn tar TAR_ENTRY_ERROR ENOENT: no such file or directory, lstat 'C:\Users\USA\Documents\QueenPamela\Open-Audit\node_modules\@babel\runtime-corejs3\core-js'
npm warn tar TAR_ENTRY_ERROR ENOENT: no such file or directory, lstat 'C:\Users\USA\Documents\QueenPamela\Open-Audit\node_modules\prismjs\components'
npm warn tar TAR_ENTRY_ERROR ENOENT: no such file or directory, lstat 'C:\Users\USA\Documents\QueenPamela\Open-Audit\node_modules\@babel\runtime-corejs3\core-js'
npm warn tar TAR_ENTRY_ERROR ENOENT: no such file or directory, lstat 'C:\Users\USA\Documents\QueenPamela\Open-Audit\node_modules\prismjs\components'
npm warn tar TAR_ENTRY_ERROR ENOENT: no such file or directory, lstat 'C:\Users\USA\Documents\QueenPamela\Open-Audit\node_modules\@babel\runtime-corejs3\core-js'
npm warn tar TAR_ENTRY_ERROR ENOENT: no such file or directory, lstat 'C:\Users\USA\Documents\QueenPamela\Open-Audit\node_modules\prismjs\components'
npm warn tar TAR_ENTRY_ERROR ENOENT: no such file or directory, lstat 'C:\Users\USA\Documents\QueenPamela\Open-Audit\node_modules\@babel\runtime-corejs3\core-js'
npm warn tar TAR_ENTRY_ERROR ENOENT: no such file or directory, lstat 'C:\Users\USA\Documents\QueenPamela\Open-Audit\node_modules\prismjs\components'
npm warn tar TAR_ENTRY_ERROR ENOENT: no such file or directory, lstat 'C:\Users\USA\Documents\QueenPamela\Open-Audit\node_modules\@babel\runtime-corejs3\core-js'
npm warn tar TAR_ENTRY_ERROR ENOENT: no such file or directory, lstat 'C:\Users\USA\Documents\QueenPamela\Open-Audit\node_modules\prismjs\components'
npm warn tar TAR_ENTRY_ERROR ENOENT: no such file or directory, lstat 'C:\Users\USA\Documents\QueenPamela\Open-Audit\node_modules\@babel\runtime-corejs3\core-js'
npm warn tar TAR_ENTRY_ERROR ENOENT: no such file or directory, lstat 'C:\Users\USA\Documents\QueenPamela\Open-Audit\node_modules\prismjs\components'
npm warn tar TAR_ENTRY_ERROR ENOENT: no such file or directory, lstat 'C:\Users\USA\Documents\QueenPamela\Open-Audit\node_modules\@babel\runtime-corejs3\core-js'
npm warn tar TAR_ENTRY_ERROR ENOENT: no such file or directory, lstat 'C:\Users\USA\Documents\QueenPamela\Open-Audit\node_modules\prismjs\plugins'
npm warn tar TAR_ENTRY_ERROR ENOENT: no such file or directory, lstat 'C:\Users\USA\Documents\QueenPamela\Open-Audit\node_modules\@babel\runtime-corejs3\core-js'
npm warn tar TAR_ENTRY_ERROR ENOENT: no such file or directory, lstat 'C:\Users\USA\Documents\QueenPamela\Open-Audit\node_modules\prismjs\plugins'
npm warn tar TAR_ENTRY_ERROR ENOENT: no such file or directory, lstat 'C:\Users\USA\Documents\QueenPamela\Open-Audit\node_modules\@babel\runtime-corejs3\core-js'
npm warn tar TAR_ENTRY_ERROR ENOENT: no such file or directory, lstat 'C:\Users\USA\Documents\QueenPamela\Open-Audit\node_modules\prismjs\plugins'
npm warn tar TAR_ENTRY_ERROR ENOENT: no such file or directory, lstat 'C:\Users\USA\Documents\QueenPamela\Open-Audit\node_modules\@babel\runtime-corejs3\core-js'
npm warn tar TAR_ENTRY_ERROR ENOENT: no such file or directory, lstat 'C:\Users\USA\Documents\QueenPamela\Open-Audit\node_modules\prismjs\plugins'
npm warn tar TAR_ENTRY_ERROR ENOENT: no such file or directory, lstat 'C:\Users\USA\Documents\QueenPamela\Open-Audit\node_modules\@babel\runtime-corejs3\core-js'
npm warn tar TAR_ENTRY_ERROR ENOENT: no such file or directory, lstat 'C:\Users\USA\Documents\QueenPamela\Open-Audit\node_modules\prismjs\components'
npm warn tar TAR_ENTRY_ERROR ENOENT: no such file or directory, lstat 'C:\Users\USA\Documents\QueenPamela\Open-Audit\node_modules\@babel\runtime-corejs3\core-js'
npm warn deprecated uuid@8.3.2: uuid@10 and below is no longer supported.  For ESM codebases, update to uuid@latest.  For CommonJS codebases, use uuid@11 (but be aware this version will likely be deprecated in 2028).
npm warn tar TAR_ENTRY_ERROR ENOENT: no such file or directory, lstat 'C:\Users\USA\Documents\QueenPamela\Open-Audit\node_modules\prismjs\components'
npm warn tar TAR_ENTRY_ERROR ENOENT: no such file or directory, lstat 'C:\Users\USA\Documents\QueenPamela\Open-Audit\node_modules\@babel\runtime-corejs3\core-js'
npm warn tar TAR_ENTRY_ERROR ENOENT: no such file or directory, lstat 'C:\Users\USA\Documents\QueenPamela\Open-Audit\node_modules\prismjs\components'
npm warn tar TAR_ENTRY_ERROR ENOENT: no such file or directory, lstat 'C:\Users\USA\Documents\QueenPamela\Open-Audit\node_modules\@babel\runtime-corejs3\core-js'
npm warn tar TAR_ENTRY_ERROR ENOENT: no such file or directory, lstat 'C:\Users\USA\Documents\QueenPamela\Open-Audit\node_modules\prismjs\components'
npm warn tar TAR_ENTRY_ERROR ENOENT: no such file or directory, lstat 'C:\Users\USA\Documents\QueenPamela\Open-Audit\node_modules\@babel\runtime-corejs3\core-js'
npm warn tar TAR_ENTRY_ERROR ENOENT: no such file or directory, lstat 'C:\Users\USA\Documents\QueenPamela\Open-Audit\node_modules\prismjs\components'
npm warn tar TAR_ENTRY_ERROR ENOENT: no such file or directory, lstat 'C:\Users\USA\Documents\QueenPamela\Open-Audit\node_modules\@babel\runtime-corejs3\core-js'
npm warn tar TAR_ENTRY_ERROR ENOENT: no such file or directory, lstat 'C:\Users\USA\Documents\QueenPamela\Open-Audit\node_modules\prismjs\components'
npm warn tar TAR_ENTRY_ERROR ENOENT: no such file or directory, lstat 'C:\Users\USA\Documents\QueenPamela\Open-Audit\node_modules\@babel\runtime-corejs3\core-js'
npm warn tar TAR_ENTRY_ERROR ENOENT: no such file or directory, lstat 'C:\Users\USA\Documents\QueenPamela\Open-Audit\node_modules\prismjs\components'
npm warn tar TAR_ENTRY_ERROR ENOENT: no such file or directory, lstat 'C:\Users\USA\Documents\QueenPamela\Open-Audit\node_modules\@babel\runtime-corejs3\core-js'
npm warn tar TAR_ENTRY_ERROR ENOENT: no such file or directory, lstat 'C:\Users\USA\Documents\QueenPamela\Open-Audit\node_modules\prismjs\components'
npm warn tar TAR_ENTRY_ERROR ENOENT: no such file or directory, lstat 'C:\Users\USA\Documents\QueenPamela\Open-Audit\node_modules\@babel\runtime-corejs3\core-js'
npm warn tar TAR_ENTRY_ERROR ENOENT: no such file or directory, lstat 'C:\Users\USA\Documents\QueenPamela\Open-Audit\node_modules\prismjs\components'
npm warn tar TAR_ENTRY_ERROR ENOENT: no such file or directory, lstat 'C:\Users\USA\Documents\QueenPamela\Open-Audit\node_modules\@babel\runtime-corejs3\core-js'
npm warn tar TAR_ENTRY_ERROR ENOENT: no such file or directory, lstat 'C:\Users\USA\Documents\QueenPamela\Open-Audit\node_modules\prismjs\components'
npm warn tar TAR_ENTRY_ERROR ENOENT: no such file or directory, lstat 'C:\Users\USA\Documents\QueenPamela\Open-Audit\node_modules\@babel\runtime-corejs3\core-js'
npm warn tar TAR_ENTRY_ERROR ENOENT: no such file or directory, lstat 'C:\Users\USA\Documents\QueenPamela\Open-Audit\node_modules\prismjs\components'
npm warn tar TAR_ENTRY_ERROR ENOENT: no such file or directory, lstat 'C:\Users\USA\Documents\QueenPamela\Open-Audit\node_modules\@babel\runtime-corejs3\core-js'
npm warn tar TAR_ENTRY_ERROR ENOENT: no such file or directory, lstat 'C:\Users\USA\Documents\QueenPamela\Open-Audit\node_modules\prismjs\components'
npm warn tar TAR_ENTRY_ERROR ENOENT: no such file or directory, lstat 'C:\Users\USA\Documents\QueenPamela\Open-Audit\node_modules\@babel\runtime-corejs3\core-js'
npm warn tar TAR_ENTRY_ERROR ENOENT: no such file or directory, lstat 'C:\Users\USA\Documents\QueenPamela\Open-Audit\node_modules\prismjs\components'
npm warn tar TAR_ENTRY_ERROR ENOENT: no such file or directory, lstat 'C:\Users\USA\Documents\QueenPamela\Open-Audit\node_modules\@babel\runtime-corejs3\core-js'
npm warn tar TAR_ENTRY_ERROR ENOENT: no such file or directory, lstat 'C:\Users\USA\Documents\QueenPamela\Open-Audit\node_modules\prismjs\components'
npm warn tar TAR_ENTRY_ERROR ENOENT: no such file or directory, lstat 'C:\Users\USA\Documents\QueenPamela\Open-Audit\node_modules\@babel\runtime-corejs3\core-js'
npm warn tar TAR_ENTRY_ERROR ENOENT: no such file or directory, lstat 'C:\Users\USA\Documents\QueenPamela\Open-Audit\node_modules\prismjs\components'
npm warn tar TAR_ENTRY_ERROR ENOENT: no such file or directory, lstat 'C:\Users\USA\Documents\QueenPamela\Open-Audit\node_modules\@babel\runtime-corejs3\core-js'
npm warn tar TAR_ENTRY_ERROR ENOENT: no such file or directory, lstat 'C:\Users\USA\Documents\QueenPamela\Open-Audit\node_modules\prismjs\components'
npm warn tar TAR_ENTRY_ERROR ENOENT: no such file or directory, lstat 'C:\Users\USA\Documents\QueenPamela\Open-Audit\node_modules\@babel\runtime-corejs3\core-js'
npm warn tar TAR_ENTRY_ERROR ENOENT: no such file or directory, lstat 'C:\Users\USA\Documents\QueenPamela\Open-Audit\node_modules\prismjs\components'
npm warn tar TAR_ENTRY_ERROR ENOENT: no such file or directory, lstat 'C:\Users\USA\Documents\QueenPamela\Open-Audit\node_modules\@babel\runtime-corejs3\core-js'
npm warn tar TAR_ENTRY_ERROR ENOENT: no such file or directory, lstat 'C:\Users\USA\Documents\QueenPamela\Open-Audit\node_modules\prismjs\components'
npm warn tar TAR_ENTRY_ERROR ENOENT: no such file or directory, lstat 'C:\Users\USA\Documents\QueenPamela\Open-Audit\node_modules\@babel\runtime-corejs3\core-js'
npm warn tar TAR_ENTRY_ERROR ENOENT: no such file or directory, lstat 'C:\Users\USA\Documents\QueenPamela\Open-Audit\node_modules\prismjs\components'
npm warn tar TAR_ENTRY_ERROR ENOENT: no such file or directory, lstat 'C:\Users\USA\Documents\QueenPamela\Open-Audit\node_modules\@babel\runtime-corejs3\core-js'
npm warn tar TAR_ENTRY_ERROR ENOENT: no such file or directory, lstat 'C:\Users\USA\Documents\QueenPamela\Open-Audit\node_modules\prismjs\components'
npm warn tar TAR_ENTRY_ERROR ENOENT: no such file or directory, lstat 'C:\Users\USA\Documents\QueenPamela\Open-Audit\node_modules\@babel\runtime-corejs3\core-js'
npm warn tar TAR_ENTRY_ERROR ENOENT: no such file or directory, lstat 'C:\Users\USA\Documents\QueenPamela\Open-Audit\node_modules\prismjs\components'
npm warn tar TAR_ENTRY_ERROR ENOENT: no such file or directory, lstat 'C:\Users\USA\Documents\QueenPamela\Open-Audit\node_modules\@babel\runtime-corejs3\core-js'
npm warn tar TAR_ENTRY_ERROR ENOENT: no such file or directory, lstat 'C:\Users\USA\Documents\QueenPamela\Open-Audit\node_modules\prismjs\components'
npm warn tar TAR_ENTRY_ERROR ENOENT: no such file or directory, lstat 'C:\Users\USA\Documents\QueenPamela\Open-Audit\node_modules\@babel\runtime-corejs3\core-js'
npm warn tar TAR_ENTRY_ERROR ENOENT: no such file or directory, lstat 'C:\Users\USA\Documents\QueenPamela\Open-Audit\node_modules\prismjs\components'
npm warn tar TAR_ENTRY_ERROR ENOENT: no such file or directory, lstat 'C:\Users\USA\Documents\QueenPamela\Open-Audit\node_modules\@babel\runtime-corejs3\core-js'
npm warn tar TAR_ENTRY_ERROR ENOENT: no such file or directory, lstat 'C:\Users\USA\Documents\QueenPamela\Open-Audit\node_modules\prismjs\components'
npm warn tar TAR_ENTRY_ERROR ENOENT: no such file or directory, lstat 'C:\Users\USA\Documents\QueenPamela\Open-Audit\node_modules\@babel\runtime-corejs3\core-js'
npm warn tar TAR_ENTRY_ERROR ENOENT: no such file or directory, lstat 'C:\Users\USA\Documents\QueenPamela\Open-Audit\node_modules\prismjs\components'
npm warn tar TAR_ENTRY_ERROR ENOENT: no such file or directory, lstat 'C:\Users\USA\Documents\QueenPamela\Open-Audit\node_modules\@babel\runtime-corejs3\core-js'
npm warn tar TAR_ENTRY_ERROR ENOENT: no such file or directory, lstat 'C:\Users\USA\Documents\QueenPamela\Open-Audit\node_modules\prismjs\components'
npm warn tar TAR_ENTRY_ERROR ENOENT: no such file or directory, lstat 'C:\Users\USA\Documents\QueenPamela\Open-Audit\node_modules\@babel\runtime-corejs3\core-js'
npm warn tar TAR_ENTRY_ERROR ENOENT: no such file or directory, lstat 'C:\Users\USA\Documents\QueenPamela\Open-Audit\node_modules\prismjs\components'
npm warn tar TAR_ENTRY_ERROR ENOENT: no such file or directory, lstat 'C:\Users\USA\Documents\QueenPamela\Open-Audit\node_modules\@babel\runtime-corejs3\core-js'
npm warn tar TAR_ENTRY_ERROR ENOENT: no such file or directory, lstat 'C:\Users\USA\Documents\QueenPamela\Open-Audit\node_modules\prismjs\components'
npm warn tar TAR_ENTRY_ERROR ENOENT: no such file or directory, lstat 'C:\Users\USA\Documents\QueenPamela\Open-Audit\node_modules\@babel\runtime-corejs3\core-js'
npm warn tar TAR_ENTRY_ERROR ENOENT: no such file or directory, lstat 'C:\Users\USA\Documents\QueenPamela\Open-Audit\node_modules\prismjs\components'
npm warn tar TAR_ENTRY_ERROR ENOENT: no such file or directory, lstat 'C:\Users\USA\Documents\QueenPamela\Open-Audit\node_modules\@babel\runtime-corejs3\core-js'
npm warn tar TAR_ENTRY_ERROR ENOENT: no such file or directory, lstat 'C:\Users\USA\Documents\QueenPamela\Open-Audit\node_modules\prismjs\components'
npm warn tar TAR_ENTRY_ERROR ENOENT: no such file or directory, lstat 'C:\Users\USA\Documents\QueenPamela\Open-Audit\node_modules\@babel\runtime-corejs3\core-js'
npm warn tar TAR_ENTRY_ERROR ENOENT: no such file or directory, lstat 'C:\Users\USA\Documents\QueenPamela\Open-Audit\node_modules\prismjs\components'
npm warn tar TAR_ENTRY_ERROR ENOENT: no such file or directory, lstat 'C:\Users\USA\Documents\QueenPamela\Open-Audit\node_modules\@babel\runtime-corejs3\core-js'
npm warn tar TAR_ENTRY_ERROR ENOENT: no such file or directory, lstat 'C:\Users\USA\Documents\QueenPamela\Open-Audit\node_modules\prismjs\components'
npm warn tar TAR_ENTRY_ERROR ENOENT: no such file or directory, lstat 'C:\Users\USA\Documents\QueenPamela\Open-Audit\node_modules\@babel\runtime-corejs3\core-js'
npm warn tar TAR_ENTRY_ERROR ENOENT: no such file or directory, lstat 'C:\Users\USA\Documents\QueenPamela\Open-Audit\node_modules\prismjs\components'
npm warn tar TAR_ENTRY_ERROR ENOENT: no such file or directory, lstat 'C:\Users\USA\Documents\QueenPamela\Open-Audit\node_modules\@babel\runtime-corejs3\core-js'
npm warn tar TAR_ENTRY_ERROR ENOENT: no such file or directory, lstat 'C:\Users\USA\Documents\QueenPamela\Open-Audit\node_modules\prismjs\components'
npm warn tar TAR_ENTRY_ERROR ENOENT: no such file or directory, lstat 'C:\Users\USA\Documents\QueenPamela\Open-Audit\node_modules\@babel\runtime-corejs3\core-js'
npm warn tar TAR_ENTRY_ERROR ENOENT: no such file or directory, lstat 'C:\Users\USA\Documents\QueenPamela\Open-Audit\node_modules\prismjs\components'
npm warn tar TAR_ENTRY_ERROR ENOENT: no such file or directory, lstat 'C:\Users\USA\Documents\QueenPamela\Open-Audit\node_modules\@babel\runtime-corejs3\core-js'
npm warn tar TAR_ENTRY_ERROR ENOENT: no such file or directory, lstat 'C:\Users\USA\Documents\QueenPamela\Open-Audit\node_modules\prismjs\components'
npm warn deprecated glob@10.3.10: Old versions of glob are not supported, and contain widely publicized security vulnerabilities, which have been fixed in the current version. Please update. Support for old versions may be purchased (at exorbitant rates) by contacting i@izs.me
npm warn tar TAR_ENTRY_ERROR ENOENT: no such file or directory, lstat 'C:\Users\USA\Documents\QueenPamela\Open-Audit\node_modules\@babel\runtime-corejs3\core-js'
npm warn tar TAR_ENTRY_ERROR ENOENT: no such file or directory, lstat 'C:\Users\USA\Documents\QueenPamela\Open-Audit\node_modules\prismjs\components'
npm warn tar TAR_ENTRY_ERROR ENOENT: no such file or directory, lstat 'C:\Users\USA\Documents\QueenPamela\Open-Audit\node_modules\@babel\runtime-corejs3\core-js'
npm warn tar TAR_ENTRY_ERROR ENOENT: no such file or directory, lstat 'C:\Users\USA\Documents\QueenPamela\Open-Audit\node_modules\prismjs\components'
npm warn tar TAR_ENTRY_ERROR ENOENT: no such file or directory, lstat 'C:\Users\USA\Documents\QueenPamela\Open-Audit\node_modules\@babel\runtime-corejs3\core-js'
npm warn tar TAR_ENTRY_ERROR ENOENT: no such file or directory, lstat 'C:\Users\USA\Documents\QueenPamela\Open-Audit\node_modules\prismjs\components'
npm warn tar TAR_ENTRY_ERROR ENOENT: no such file or directory, lstat 'C:\Users\USA\Documents\QueenPamela\Open-Audit\node_modules\@babel\runtime-corejs3\core-js'
npm warn tar TAR_ENTRY_ERROR ENOENT: no such file or directory, lstat 'C:\Users\USA\Documents\QueenPamela\Open-Audit\node_modules\prismjs\components'
npm warn tar TAR_ENTRY_ERROR ENOENT: no such file or directory, lstat 'C:\Users\USA\Documents\QueenPamela\Open-Audit\node_modules\@babel\runtime-corejs3\core-js'
npm warn tar TAR_ENTRY_ERROR ENOENT: no such file or directory, lstat 'C:\Users\USA\Documents\QueenPamela\Open-Audit\node_modules\prismjs\components'
npm warn tar TAR_ENTRY_ERROR ENOENT: no such file or directory, lstat 'C:\Users\USA\Documents\QueenPamela\Open-Audit\node_modules\@babel\runtime-corejs3\core-js'
npm warn tar TAR_ENTRY_ERROR ENOENT: no such file or directory, lstat 'C:\Users\USA\Documents\QueenPamela\Open-Audit\node_modules\prismjs\components'
npm warn tar TAR_ENTRY_ERROR ENOENT: no such file or directory, lstat 'C:\Users\USA\Documents\QueenPamela\Open-Audit\node_modules\@babel\runtime-corejs3\core-js'
npm warn tar TAR_ENTRY_ERROR ENOENT: no such file or directory, lstat 'C:\Users\USA\Documents\QueenPamela\Open-Audit\node_modules\prismjs\components'
npm warn tar TAR_ENTRY_ERROR ENOENT: no such file or directory, lstat 'C:\Users\USA\Documents\QueenPamela\Open-Audit\node_modules\@babel\runtime-corejs3\core-js'
npm warn tar TAR_ENTRY_ERROR ENOENT: no such file or directory, lstat 'C:\Users\USA\Documents\QueenPamela\Open-Audit\node_modules\prismjs\components'
npm warn tar TAR_ENTRY_ERROR ENOENT: no such file or directory, lstat 'C:\Users\USA\Documents\QueenPamela\Open-Audit\node_modules\@babel\runtime-corejs3\core-js'
npm warn tar TAR_ENTRY_ERROR ENOENT: no such file or directory, lstat 'C:\Users\USA\Documents\QueenPamela\Open-Audit\node_modules\prismjs\components'
npm warn tar TAR_ENTRY_ERROR ENOENT: no such file or directory, lstat 'C:\Users\USA\Documents\QueenPamela\Open-Audit\node_modules\@babel\runtime-corejs3\core-js'
npm warn tar TAR_ENTRY_ERROR ENOENT: no such file or directory, lstat 'C:\Users\USA\Documents\QueenPamela\Open-Audit\node_modules\prismjs\components'
npm warn tar TAR_ENTRY_ERROR ENOENT: no such file or directory, lstat 'C:\Users\USA\Documents\QueenPamela\Open-Audit\node_modules\@babel\runtime-corejs3\core-js'
npm warn tar TAR_ENTRY_ERROR ENOENT: no such file or directory, lstat 'C:\Users\USA\Documents\QueenPamela\Open-Audit\node_modules\prismjs\components'
npm warn tar TAR_ENTRY_ERROR ENOENT: no such file or directory, lstat 'C:\Users\USA\Documents\QueenPamela\Open-Audit\node_modules\@babel\runtime-corejs3\core-js'
npm warn tar TAR_ENTRY_ERROR ENOENT: no such file or directory, lstat 'C:\Users\USA\Documents\QueenPamela\Open-Audit\node_modules\prismjs\components'
npm warn tar TAR_ENTRY_ERROR ENOENT: no such file or directory, lstat 'C:\Users\USA\Documents\QueenPamela\Open-Audit\node_modules\@babel\runtime-corejs3\core-js'
npm warn tar TAR_ENTRY_ERROR ENOENT: no such file or directory, lstat 'C:\Users\USA\Documents\QueenPamela\Open-Audit\node_modules\prismjs\components'
npm warn tar TAR_ENTRY_ERROR ENOENT: no such file or directory, lstat 'C:\Users\USA\Documents\QueenPamela\Open-Audit\node_modules\@babel\runtime-corejs3\core-js'
npm warn tar TAR_ENTRY_ERROR ENOENT: no such file or directory, lstat 'C:\Users\USA\Documents\QueenPamela\Open-Audit\node_modules\prismjs\components'
npm warn tar TAR_ENTRY_ERROR ENOENT: no such file or directory, lstat 'C:\Users\USA\Documents\QueenPamela\Open-Audit\node_modules\@babel\runtime-corejs3\core-js'
npm warn tar TAR_ENTRY_ERROR ENOENT: no such file or directory, lstat 'C:\Users\USA\Documents\QueenPamela\Open-Audit\node_modules\prismjs\plugins'
npm warn tar TAR_ENTRY_ERROR ENOENT: no such file or directory, lstat 'C:\Users\USA\Documents\QueenPamela\Open-Audit\node_modules\@babel\runtime-corejs3\core-js'
npm warn tar TAR_ENTRY_ERROR ENOENT: no such file or directory, lstat 'C:\Users\USA\Documents\QueenPamela\Open-Audit\node_modules\prismjs\plugins'
npm warn tar TAR_ENTRY_ERROR ENOENT: no such file or directory, lstat 'C:\Users\USA\Documents\QueenPamela\Open-Audit\node_modules\@babel\runtime-corejs3\core-js'
npm warn tar TAR_ENTRY_ERROR ENOENT: no such file or directory, lstat 'C:\Users\USA\Documents\QueenPamela\Open-Audit\node_modules\prismjs\components'
npm warn tar TAR_ENTRY_ERROR ENOENT: no such file or directory, lstat 'C:\Users\USA\Documents\QueenPamela\Open-Audit\node_modules\@babel\runtime-corejs3\core-js'
npm warn tar TAR_ENTRY_ERROR ENOENT: no such file or directory, lstat 'C:\Users\USA\Documents\QueenPamela\Open-Audit\node_modules\prismjs\components'
npm warn tar TAR_ENTRY_ERROR ENOENT: no such file or directory, lstat 'C:\Users\USA\Documents\QueenPamela\Open-Audit\node_modules\@babel\runtime-corejs3\core-js'
npm warn tar TAR_ENTRY_ERROR ENOENT: no such file or directory, lstat 'C:\Users\USA\Documents\QueenPamela\Open-Audit\node_modules\prismjs\components'
npm warn tar TAR_ENTRY_ERROR ENOENT: no such file or directory, lstat 'C:\Users\USA\Documents\QueenPamela\Open-Audit\node_modules\@babel\runtime-corejs3\core-js'
npm warn tar TAR_ENTRY_ERROR ENOENT: no such file or directory, lstat 'C:\Users\USA\Documents\QueenPamela\Open-Audit\node_modules\prismjs\components'
npm warn tar TAR_ENTRY_ERROR ENOENT: no such file or directory, lstat 'C:\Users\USA\Documents\QueenPamela\Open-Audit\node_modules\@babel\runtime-corejs3\core-js'
npm warn tar TAR_ENTRY_ERROR ENOENT: no such file or directory, lstat 'C:\Users\USA\Documents\QueenPamela\Open-Audit\node_modules\prismjs\components'
npm warn tar TAR_ENTRY_ERROR ENOENT: no such file or directory, lstat 'C:\Users\USA\Documents\QueenPamela\Open-Audit\node_modules\@babel\runtime-corejs3\core-js'
npm warn tar TAR_ENTRY_ERROR ENOENT: no such file or directory, lstat 'C:\Users\USA\Documents\QueenPamela\Open-Audit\node_modules\prismjs\components'
npm warn tar TAR_ENTRY_ERROR ENOENT: no such file or directory, lstat 'C:\Users\USA\Documents\QueenPamela\Open-Audit\node_modules\@babel\runtime-corejs3\core-js'
npm warn tar TAR_ENTRY_ERROR ENOENT: no such file or directory, lstat 'C:\Users\USA\Documents\QueenPamela\Open-Audit\node_modules\prismjs\components'
npm warn tar TAR_ENTRY_ERROR ENOENT: no such file or directory, lstat 'C:\Users\USA\Documents\QueenPamela\Open-Audit\node_modules\@babel\runtime-corejs3\core-js'
npm warn tar TAR_ENTRY_ERROR ENOENT: no such file or directory, lstat 'C:\Users\USA\Documents\QueenPamela\Open-Audit\node_modules\prismjs\components'
npm warn tar TAR_ENTRY_ERROR ENOENT: no such file or directory, lstat 'C:\Users\USA\Documents\QueenPamela\Open-Audit\node_modules\@babel\runtime-corejs3\core-js'
npm warn tar TAR_ENTRY_ERROR ENOENT: no such file or directory, lstat 'C:\Users\USA\Documents\QueenPamela\Open-Audit\node_modules\prismjs\components'
npm warn tar TAR_ENTRY_ERROR ENOENT: no such file or directory, lstat 'C:\Users\USA\Documents\QueenPamela\Open-Audit\node_modules\@babel\runtime-corejs3\core-js'
npm warn tar TAR_ENTRY_ERROR ENOENT: no such file or directory, lstat 'C:\Users\USA\Documents\QueenPamela\Open-Audit\node_modules\prismjs\components'
npm warn tar TAR_ENTRY_ERROR ENOENT: no such file or directory, lstat 'C:\Users\USA\Documents\QueenPamela\Open-Audit\node_modules\@babel\runtime-corejs3\core-js'
npm warn tar TAR_ENTRY_ERROR ENOENT: no such file or directory, lstat 'C:\Users\USA\Documents\QueenPamela\Open-Audit\node_modules\prismjs\components'
npm warn tar TAR_ENTRY_ERROR ENOENT: no such file or directory, lstat 'C:\Users\USA\Documents\QueenPamela\Open-Audit\node_modules\@babel\runtime-corejs3\core-js'
npm warn tar TAR_ENTRY_ERROR ENOENT: no such file or directory, lstat 'C:\Users\USA\Documents\QueenPamela\Open-Audit\node_modules\prismjs\components'
npm warn tar TAR_ENTRY_ERROR ENOENT: no such file or directory, lstat 'C:\Users\USA\Documents\QueenPamela\Open-Audit\node_modules\@babel\runtime-corejs3\core-js'
npm warn tar TAR_ENTRY_ERROR ENOENT: no such file or directory, lstat 'C:\Users\USA\Documents\QueenPamela\Open-Audit\node_modules\prismjs\components'
npm warn tar TAR_ENTRY_ERROR ENOENT: no such file or directory, lstat 'C:\Users\USA\Documents\QueenPamela\Open-Audit\node_modules\@babel\runtime-corejs3\core-js'
npm warn tar TAR_ENTRY_ERROR ENOENT: no such file or directory, lstat 'C:\Users\USA\Documents\QueenPamela\Open-Audit\node_modules\prismjs\components'
npm warn tar TAR_ENTRY_ERROR ENOENT: no such file or directory, lstat 'C:\Users\USA\Documents\QueenPamela\Open-Audit\node_modules\@babel\runtime-corejs3\core-js'
npm warn tar TAR_ENTRY_ERROR ENOENT: no such file or directory, lstat 'C:\Users\USA\Documents\QueenPamela\Open-Audit\node_modules\prismjs\components'
npm warn tar TAR_ENTRY_ERROR ENOENT: no such file or directory, lstat 'C:\Users\USA\Documents\QueenPamela\Open-Audit\node_modules\@babel\runtime-corejs3\core-js'
npm warn tar TAR_ENTRY_ERROR ENOENT: no such file or directory, lstat 'C:\Users\USA\Documents\QueenPamela\Open-Audit\node_modules\prismjs\components'
npm warn tar TAR_ENTRY_ERROR ENOENT: no such file or directory, lstat 'C:\Users\USA\Documents\QueenPamela\Open-Audit\node_modules\@babel\runtime-corejs3\helpers'
npm warn tar TAR_ENTRY_ERROR ENOENT: no such file or directory, lstat 'C:\Users\USA\Documents\QueenPamela\Open-Audit\node_modules\prismjs\components'
npm warn tar TAR_ENTRY_ERROR ENOENT: no such file or directory, lstat 'C:\Users\USA\Documents\QueenPamela\Open-Audit\node_modules\@babel\runtime-corejs3\helpers'
npm warn tar TAR_ENTRY_ERROR ENOENT: no such file or directory, lstat 'C:\Users\USA\Documents\QueenPamela\Open-Audit\node_modules\prismjs\components'
npm warn tar TAR_ENTRY_ERROR ENOENT: no such file or directory, lstat 'C:\Users\USA\Documents\QueenPamela\Open-Audit\node_modules\@babel\runtime-corejs3\helpers'
npm warn tar TAR_ENTRY_ERROR ENOENT: no such file or directory, lstat 'C:\Users\USA\Documents\QueenPamela\Open-Audit\node_modules\prismjs\components'
npm warn tar TAR_ENTRY_ERROR ENOENT: no such file or directory, lstat 'C:\Users\USA\Documents\QueenPamela\Open-Audit\node_modules\@babel\runtime-corejs3\helpers'
npm warn tar TAR_ENTRY_ERROR ENOENT: no such file or directory, lstat 'C:\Users\USA\Documents\QueenPamela\Open-Audit\node_modules\prismjs\components'
npm warn tar TAR_ENTRY_ERROR ENOENT: no such file or directory, lstat 'C:\Users\USA\Documents\QueenPamela\Open-Audit\node_modules\@babel\runtime-corejs3\helpers'
npm warn tar TAR_ENTRY_ERROR ENOENT: no such file or directory, lstat 'C:\Users\USA\Documents\QueenPamela\Open-Audit\node_modules\prismjs\components'
npm warn tar TAR_ENTRY_ERROR ENOENT: no such file or directory, lstat 'C:\Users\USA\Documents\QueenPamela\Open-Audit\node_modules\@babel\runtime-corejs3\helpers'
npm warn tar TAR_ENTRY_ERROR ENOENT: no such file or directory, lstat 'C:\Users\USA\Documents\QueenPamela\Open-Audit\node_modules\prismjs\components'
npm warn tar TAR_ENTRY_ERROR ENOENT: no such file or directory, lstat 'C:\Users\USA\Documents\QueenPamela\Open-Audit\node_modules\@babel\runtime-corejs3\helpers'
npm warn tar TAR_ENTRY_ERROR ENOENT: no such file or directory, lstat 'C:\Users\USA\Documents\QueenPamela\Open-Audit\node_modules\prismjs\components'
npm warn tar TAR_ENTRY_ERROR ENOENT: no such file or directory, lstat 'C:\Users\USA\Documents\QueenPamela\Open-Audit\node_modules\@babel\runtime-corejs3\helpers'
npm warn tar TAR_ENTRY_ERROR ENOENT: no such file or directory, lstat 'C:\Users\USA\Documents\QueenPamela\Open-Audit\node_modules\prismjs\components'
npm warn tar TAR_ENTRY_ERROR ENOENT: no such file or directory, lstat 'C:\Users\USA\Documents\QueenPamela\Open-Audit\node_modules\@babel\runtime-corejs3\helpers'
npm warn tar TAR_ENTRY_ERROR ENOENT: no such file or directory, lstat 'C:\Users\USA\Documents\QueenPamela\Open-Audit\node_modules\prismjs\components'
npm warn tar TAR_ENTRY_ERROR ENOENT: no such file or directory, lstat 'C:\Users\USA\Documents\QueenPamela\Open-Audit\node_modules\@babel\runtime-corejs3\helpers'
npm warn tar TAR_ENTRY_ERROR ENOENT: no such file or directory, lstat 'C:\Users\USA\Documents\QueenPamela\Open-Audit\node_modules\prismjs\components'
npm warn tar TAR_ENTRY_ERROR ENOENT: no such file or directory, lstat 'C:\Users\USA\Documents\QueenPamela\Open-Audit\node_modules\@babel\runtime-corejs3\helpers'
npm warn tar TAR_ENTRY_ERROR ENOENT: no such file or directory, lstat 'C:\Users\USA\Documents\QueenPamela\Open-Audit\node_modules\prismjs\plugins'
npm warn tar TAR_ENTRY_ERROR ENOENT: no such file or directory, lstat 'C:\Users\USA\Documents\QueenPamela\Open-Audit\node_modules\@babel\runtime-corejs3\helpers'
npm warn tar TAR_ENTRY_ERROR ENOENT: no such file or directory, lstat 'C:\Users\USA\Documents\QueenPamela\Open-Audit\node_modules\prismjs\plugins'
npm warn tar TAR_ENTRY_ERROR ENOENT: no such file or directory, lstat 'C:\Users\USA\Documents\QueenPamela\Open-Audit\node_modules\@babel\runtime-corejs3\helpers'
npm warn tar TAR_ENTRY_ERROR ENOENT: no such file or directory, lstat 'C:\Users\USA\Documents\QueenPamela\Open-Audit\node_modules\prismjs\components'
npm warn tar TAR_ENTRY_ERROR ENOENT: no such file or directory, lstat 'C:\Users\USA\Documents\QueenPamela\Open-Audit\node_modules\@babel\runtime-corejs3\helpers'
npm warn tar TAR_ENTRY_ERROR ENOENT: no such file or directory, lstat 'C:\Users\USA\Documents\QueenPamela\Open-Audit\node_modules\prismjs\components'
npm warn tar TAR_ENTRY_ERROR ENOENT: no such file or directory, lstat 'C:\Users\USA\Documents\QueenPamela\Open-Audit\node_modules\@babel\runtime-corejs3\helpers'
npm warn tar TAR_ENTRY_ERROR ENOENT: no such file or directory, lstat 'C:\Users\USA\Documents\QueenPamela\Open-Audit\node_modules\prismjs\components'
npm warn tar TAR_ENTRY_ERROR ENOENT: no such file or directory, lstat 'C:\Users\USA\Documents\QueenPamela\Open-Audit\node_modules\@babel\runtime-corejs3\helpers'
npm warn tar TAR_ENTRY_ERROR ENOENT: no such file or directory, lstat 'C:\Users\USA\Documents\QueenPamela\Open-Audit\node_modules\prismjs\components'
npm warn tar TAR_ENTRY_ERROR ENOENT: no such file or directory, lstat 'C:\Users\USA\Documents\QueenPamela\Open-Audit\node_modules\@babel\runtime-corejs3\helpers'
npm warn tar TAR_ENTRY_ERROR ENOENT: no such file or directory, lstat 'C:\Users\USA\Documents\QueenPamela\Open-Audit\node_modules\prismjs\components'
npm warn tar TAR_ENTRY_ERROR ENOENT: no such file or directory, lstat 'C:\Users\USA\Documents\QueenPamela\Open-Audit\node_modules\@babel\runtime-corejs3\helpers'
npm warn tar TAR_ENTRY_ERROR ENOENT: no such file or directory, lstat 'C:\Users\USA\Documents\QueenPamela\Open-Audit\node_modules\prismjs\components'
npm warn tar TAR_ENTRY_ERROR ENOENT: no such file or directory, lstat 'C:\Users\USA\Documents\QueenPamela\Open-Audit\node_modules\@babel\runtime-corejs3\helpers'
npm warn tar TAR_ENTRY_ERROR ENOENT: no such file or directory, lstat 'C:\Users\USA\Documents\QueenPamela\Open-Audit\node_modules\prismjs\components'
npm warn tar TAR_ENTRY_ERROR ENOENT: no such file or directory, lstat 'C:\Users\USA\Documents\QueenPamela\Open-Audit\node_modules\@babel\runtime-corejs3\helpers'
npm warn tar TAR_ENTRY_ERROR ENOENT: no such file or directory, lstat 'C:\Users\USA\Documents\QueenPamela\Open-Audit\node_modules\prismjs\components'
npm warn tar TAR_ENTRY_ERROR ENOENT: no such file or directory, lstat 'C:\Users\USA\Documents\QueenPamela\Open-Audit\node_modules\@babel\runtime-corejs3\helpers'
npm warn tar TAR_ENTRY_ERROR ENOENT: no such file or directory, lstat 'C:\Users\USA\Documents\QueenPamela\Open-Audit\node_modules\prismjs\components'
npm warn tar TAR_ENTRY_ERROR ENOENT: no such file or directory, lstat 'C:\Users\USA\Documents\QueenPamela\Open-Audit\node_modules\@babel\runtime-corejs3\helpers'
npm warn tar TAR_ENTRY_ERROR ENOENT: no such file or directory, lstat 'C:\Users\USA\Documents\QueenPamela\Open-Audit\node_modules\prismjs\components'
npm warn tar TAR_ENTRY_ERROR ENOENT: no such file or directory, lstat 'C:\Users\USA\Documents\QueenPamela\Open-Audit\node_modules\@babel\runtime-corejs3\helpers'
npm warn tar TAR_ENTRY_ERROR ENOENT: no such file or directory, lstat 'C:\Users\USA\Documents\QueenPamela\Open-Audit\node_modules\prismjs\components'
npm warn tar TAR_ENTRY_ERROR ENOENT: no such file or directory, lstat 'C:\Users\USA\Documents\QueenPamela\Open-Audit\node_modules\@babel\runtime-corejs3\helpers'
npm warn tar TAR_ENTRY_ERROR ENOENT: no such file or directory, lstat 'C:\Users\USA\Documents\QueenPamela\Open-Audit\node_modules\prismjs\components'
npm warn tar TAR_ENTRY_ERROR ENOENT: no such file or directory, lstat 'C:\Users\USA\Documents\QueenPamela\Open-Audit\node_modules\@babel\runtime-corejs3\helpers'
npm warn tar TAR_ENTRY_ERROR ENOENT: no such file or directory, lstat 'C:\Users\USA\Documents\QueenPamela\Open-Audit\node_modules\prismjs\components'
npm warn tar TAR_ENTRY_ERROR ENOENT: no such file or directory, lstat 'C:\Users\USA\Documents\QueenPamela\Open-Audit\node_modules\@babel\runtime-corejs3\helpers'
npm warn tar TAR_ENTRY_ERROR ENOENT: no such file or directory, lstat 'C:\Users\USA\Documents\QueenPamela\Open-Audit\node_modules\prismjs\components'
npm warn tar TAR_ENTRY_ERROR ENOENT: no such file or directory, lstat 'C:\Users\USA\Documents\QueenPamela\Open-Audit\node_modules\@babel\runtime-corejs3\helpers'
npm warn tar TAR_ENTRY_ERROR ENOENT: no such file or directory, lstat 'C:\Users\USA\Documents\QueenPamela\Open-Audit\node_modules\prismjs\components'
npm warn tar TAR_ENTRY_ERROR ENOENT: no such file or directory, lstat 'C:\Users\USA\Documents\QueenPamela\Open-Audit\node_modules\@babel\runtime-corejs3\helpers'
npm warn tar TAR_ENTRY_ERROR ENOENT: no such file or directory, lstat 'C:\Users\USA\Documents\QueenPamela\Open-Audit\node_modules\prismjs\components'
npm warn tar TAR_ENTRY_ERROR ENOENT: no such file or directory, lstat 'C:\Users\USA\Documents\QueenPamela\Open-Audit\node_modules\@babel\runtime-corejs3\helpers'
npm warn tar TAR_ENTRY_ERROR ENOENT: no such file or directory, lstat 'C:\Users\USA\Documents\QueenPamela\Open-Audit\node_modules\prismjs\components'
npm warn tar TAR_ENTRY_ERROR ENOENT: no such file or directory, lstat 'C:\Users\USA\Documents\QueenPamela\Open-Audit\node_modules\@babel\runtime-corejs3\helpers'
npm warn tar TAR_ENTRY_ERROR ENOENT: no such file or directory, lstat 'C:\Users\USA\Documents\QueenPamela\Open-Audit\node_modules\prismjs\components'
npm warn tar TAR_ENTRY_ERROR ENOENT: no such file or directory, lstat 'C:\Users\USA\Documents\QueenPamela\Open-Audit\node_modules\@babel\runtime-corejs3\helpers'
npm warn tar TAR_ENTRY_ERROR ENOENT: no such file or directory, lstat 'C:\Users\USA\Documents\QueenPamela\Open-Audit\node_modules\prismjs\components'
npm warn tar TAR_ENTRY_ERROR ENOENT: no such file or directory, lstat 'C:\Users\USA\Documents\QueenPamela\Open-Audit\node_modules\@babel\runtime-corejs3\helpers'
npm warn tar TAR_ENTRY_ERROR ENOENT: no such file or directory, lstat 'C:\Users\USA\Documents\QueenPamela\Open-Audit\node_modules\prismjs\components'
npm warn tar TAR_ENTRY_ERROR ENOENT: no such file or directory, lstat 'C:\Users\USA\Documents\QueenPamela\Open-Audit\node_modules\@babel\runtime-corejs3\helpers'
npm warn tar TAR_ENTRY_ERROR ENOENT: no such file or directory, lstat 'C:\Users\USA\Documents\QueenPamela\Open-Audit\node_modules\prismjs\components'
npm warn tar TAR_ENTRY_ERROR ENOENT: no such file or directory, lstat 'C:\Users\USA\Documents\QueenPamela\Open-Audit\node_modules\@babel\runtime-corejs3\helpers'
npm warn tar TAR_ENTRY_ERROR ENOENT: no such file or directory, lstat 'C:\Users\USA\Documents\QueenPamela\Open-Audit\node_modules\prismjs\components'
npm warn tar TAR_ENTRY_ERROR ENOENT: no such file or directory, lstat 'C:\Users\USA\Documents\QueenPamela\Open-Audit\node_modules\@babel\runtime-corejs3\helpers'
npm warn tar TAR_ENTRY_ERROR ENOENT: no such file or directory, lstat 'C:\Users\USA\Documents\QueenPamela\Open-Audit\node_modules\prismjs\components'
npm warn tar TAR_ENTRY_ERROR ENOENT: no such file or directory, lstat 'C:\Users\USA\Documents\QueenPamela\Open-Audit\node_modules\@babel\runtime-corejs3\helpers'
npm warn tar TAR_ENTRY_ERROR ENOENT: no such file or directory, lstat 'C:\Users\USA\Documents\QueenPamela\Open-Audit\node_modules\prismjs\components'
npm warn tar TAR_ENTRY_ERROR ENOENT: no such file or directory, lstat 'C:\Users\USA\Documents\QueenPamela\Open-Audit\node_modules\@babel\runtime-corejs3\helpers'
npm warn tar TAR_ENTRY_ERROR ENOENT: no such file or directory, lstat 'C:\Users\USA\Documents\QueenPamela\Open-Audit\node_modules\prismjs\components'
npm warn tar TAR_ENTRY_ERROR ENOENT: no such file or directory, lstat 'C:\Users\USA\Documents\QueenPamela\Open-Audit\node_modules\@babel\runtime-corejs3\helpers'
npm warn tar TAR_ENTRY_ERROR ENOENT: no such file or directory, lstat 'C:\Users\USA\Documents\QueenPamela\Open-Audit\node_modules\prismjs\components'
npm warn tar TAR_ENTRY_ERROR ENOENT: no such file or directory, lstat 'C:\Users\USA\Documents\QueenPamela\Open-Audit\node_modules\@babel\runtime-corejs3\helpers'
npm warn tar TAR_ENTRY_ERROR ENOENT: no such file or directory, lstat 'C:\Users\USA\Documents\QueenPamela\Open-Audit\node_modules\prismjs\components'
npm warn tar TAR_ENTRY_ERROR ENOENT: no such file or directory, lstat 'C:\Users\USA\Documents\QueenPamela\Open-Audit\node_modules\@babel\runtime-corejs3\helpers'
npm warn tar TAR_ENTRY_ERROR ENOENT: no such file or directory, lstat 'C:\Users\USA\Documents\QueenPamela\Open-Audit\node_modules\prismjs\components'
npm warn tar TAR_ENTRY_ERROR ENOENT: no such file or directory, lstat 'C:\Users\USA\Documents\QueenPamela\Open-Audit\node_modules\@babel\runtime-corejs3\helpers'
npm warn tar TAR_ENTRY_ERROR ENOENT: no such file or directory, lstat 'C:\Users\USA\Documents\QueenPamela\Open-Audit\node_modules\prismjs\components'
npm warn tar TAR_ENTRY_ERROR ENOENT: no such file or directory, lstat 'C:\Users\USA\Documents\QueenPamela\Open-Audit\node_modules\@babel\runtime-corejs3\helpers'
npm warn tar TAR_ENTRY_ERROR ENOENT: no such file or directory, lstat 'C:\Users\USA\Documents\QueenPamela\Open-Audit\node_modules\prismjs\components'
npm warn tar TAR_ENTRY_ERROR ENOENT: no such file or directory, lstat 'C:\Users\USA\Documents\QueenPamela\Open-Audit\node_modules\@babel\runtime-corejs3\helpers'
npm warn tar TAR_ENTRY_ERROR ENOENT: no such file or directory, lstat 'C:\Users\USA\Documents\QueenPamela\Open-Audit\node_modules\prismjs\plugins'
npm warn tar TAR_ENTRY_ERROR ENOENT: no such file or directory, lstat 'C:\Users\USA\Documents\QueenPamela\Open-Audit\node_modules\@babel\runtime-corejs3\helpers'
npm warn tar TAR_ENTRY_ERROR ENOENT: no such file or directory, lstat 'C:\Users\USA\Documents\QueenPamela\Open-Audit\node_modules\prismjs\plugins'
npm warn tar TAR_ENTRY_ERROR ENOENT: no such file or directory, lstat 'C:\Users\USA\Documents\QueenPamela\Open-Audit\node_modules\@babel\runtime-corejs3\helpers'
npm warn tar TAR_ENTRY_ERROR ENOENT: no such file or directory, lstat 'C:\Users\USA\Documents\QueenPamela\Open-Audit\node_modules\prismjs\components'
npm warn tar TAR_ENTRY_ERROR ENOENT: no such file or directory, lstat 'C:\Users\USA\Documents\QueenPamela\Open-Audit\node_modules\@babel\runtime-corejs3\helpers'
npm warn tar TAR_ENTRY_ERROR ENOENT: no such file or directory, lstat 'C:\Users\USA\Documents\QueenPamela\Open-Audit\node_modules\prismjs\components'
npm warn tar TAR_ENTRY_ERROR ENOENT: no such file or directory, lstat 'C:\Users\USA\Documents\QueenPamela\Open-Audit\node_modules\@babel\runtime-corejs3\helpers'
npm warn tar TAR_ENTRY_ERROR ENOENT: no such file or directory, lstat 'C:\Users\USA\Documents\QueenPamela\Open-Audit\node_modules\prismjs\components'
npm warn tar TAR_ENTRY_ERROR ENOENT: no such file or directory, lstat 'C:\Users\USA\Documents\QueenPamela\Open-Audit\node_modules\@babel\runtime-corejs3\helpers'
npm warn tar TAR_ENTRY_ERROR ENOENT: no such file or directory, lstat 'C:\Users\USA\Documents\QueenPamela\Open-Audit\node_modules\prismjs\components'
npm warn tar TAR_ENTRY_ERROR ENOENT: no such file or directory, lstat 'C:\Users\USA\Documents\QueenPamela\Open-Audit\node_modules\@babel\runtime-corejs3\helpers'
npm warn tar TAR_ENTRY_ERROR ENOENT: no such file or directory, lstat 'C:\Users\USA\Documents\QueenPamela\Open-Audit\node_modules\prismjs\components'
npm warn tar TAR_ENTRY_ERROR ENOENT: no such file or directory, lstat 'C:\Users\USA\Documents\QueenPamela\Open-Audit\node_modules\@babel\runtime-corejs3\helpers'
npm warn tar TAR_ENTRY_ERROR ENOENT: no such file or directory, lstat 'C:\Users\USA\Documents\QueenPamela\Open-Audit\node_modules\prismjs\components'
npm warn tar TAR_ENTRY_ERROR ENOENT: no such file or directory, lstat 'C:\Users\USA\Documents\QueenPamela\Open-Audit\node_modules\@babel\runtime-corejs3\helpers'
npm warn tar TAR_ENTRY_ERROR ENOENT: no such file or directory, lstat 'C:\Users\USA\Documents\QueenPamela\Open-Audit\node_modules\prismjs\components'
npm warn tar TAR_ENTRY_ERROR ENOENT: no such file or directory, lstat 'C:\Users\USA\Documents\QueenPamela\Open-Audit\node_modules\@babel\runtime-corejs3\helpers'
npm warn tar TAR_ENTRY_ERROR ENOENT: no such file or directory, lstat 'C:\Users\USA\Documents\QueenPamela\Open-Audit\node_modules\prismjs\components'
npm warn tar TAR_ENTRY_ERROR ENOENT: no such file or directory, lstat 'C:\Users\USA\Documents\QueenPamela\Open-Audit\node_modules\@babel\runtime-corejs3\helpers'
npm warn tar TAR_ENTRY_ERROR ENOENT: no such file or directory, lstat 'C:\Users\USA\Documents\QueenPamela\Open-Audit\node_modules\prismjs\plugins'
npm warn tar TAR_ENTRY_ERROR ENOENT: no such file or directory, lstat 'C:\Users\USA\Documents\QueenPamela\Open-Audit\node_modules\@babel\runtime-corejs3\helpers'
npm warn tar TAR_ENTRY_ERROR ENOENT: no such file or directory, lstat 'C:\Users\USA\Documents\QueenPamela\Open-Audit\node_modules\prismjs\plugins'
npm warn tar TAR_ENTRY_ERROR ENOENT: no such file or directory, lstat 'C:\Users\USA\Documents\QueenPamela\Open-Audit\node_modules\@babel\runtime-corejs3\helpers'
npm warn tar TAR_ENTRY_ERROR ENOENT: no such file or directory, lstat 'C:\Users\USA\Documents\QueenPamela\Open-Audit\node_modules\prismjs\components'
npm warn tar TAR_ENTRY_ERROR ENOENT: no such file or directory, lstat 'C:\Users\USA\Documents\QueenPamela\Open-Audit\node_modules\@babel\runtime-corejs3\helpers'
npm warn tar TAR_ENTRY_ERROR ENOENT: no such file or directory, lstat 'C:\Users\USA\Documents\QueenPamela\Open-Audit\node_modules\prismjs\components'
npm warn tar TAR_ENTRY_ERROR ENOENT: no such file or directory, lstat 'C:\Users\USA\Documents\QueenPamela\Open-Audit\node_modules\@babel\runtime-corejs3\helpers'
npm warn tar TAR_ENTRY_ERROR ENOENT: no such file or directory, lstat 'C:\Users\USA\Documents\QueenPamela\Open-Audit\node_modules\prismjs\components'
npm warn tar TAR_ENTRY_ERROR ENOENT: no such file or directory, lstat 'C:\Users\USA\Documents\QueenPamela\Open-Audit\node_modules\@babel\runtime-corejs3\helpers'
npm warn tar TAR_ENTRY_ERROR ENOENT: no such file or directory, lstat 'C:\Users\USA\Documents\QueenPamela\Open-Audit\node_modules\prismjs\components'
npm warn tar TAR_ENTRY_ERROR ENOENT: no such file or directory, lstat 'C:\Users\USA\Documents\QueenPamela\Open-Audit\node_modules\@babel\runtime-corejs3\helpers'
npm warn tar TAR_ENTRY_ERROR ENOENT: no such file or directory, lstat 'C:\Users\USA\Documents\QueenPamela\Open-Audit\node_modules\prismjs\components'
npm warn tar TAR_ENTRY_ERROR ENOENT: no such file or directory, lstat 'C:\Users\USA\Documents\QueenPamela\Open-Audit\node_modules\@babel\runtime-corejs3\helpers'
npm warn tar TAR_ENTRY_ERROR ENOENT: no such file or directory, lstat 'C:\Users\USA\Documents\QueenPamela\Open-Audit\node_modules\prismjs\components'
npm warn tar TAR_ENTRY_ERROR ENOENT: no such file or directory, lstat 'C:\Users\USA\Documents\QueenPamela\Open-Audit\node_modules\@babel\runtime-corejs3\helpers'
npm warn tar TAR_ENTRY_ERROR ENOENT: no such file or directory, lstat 'C:\Users\USA\Documents\QueenPamela\Open-Audit\node_modules\prismjs\components'
npm warn tar TAR_ENTRY_ERROR ENOENT: no such file or directory, lstat 'C:\Users\USA\Documents\QueenPamela\Open-Audit\node_modules\@babel\runtime-corejs3\helpers'
npm warn tar TAR_ENTRY_ERROR ENOENT: no such file or directory, lstat 'C:\Users\USA\Documents\QueenPamela\Open-Audit\node_modules\prismjs\components'
npm warn tar TAR_ENTRY_ERROR ENOENT: no such file or directory, lstat 'C:\Users\USA\Documents\QueenPamela\Open-Audit\node_modules\@babel\runtime-corejs3\helpers'
npm warn tar TAR_ENTRY_ERROR ENOENT: no such file or directory, lstat 'C:\Users\USA\Documents\QueenPamela\Open-Audit\node_modules\prismjs\components'
npm warn tar TAR_ENTRY_ERROR ENOENT: no such file or directory, lstat 'C:\Users\USA\Documents\QueenPamela\Open-Audit\node_modules\@babel\runtime-corejs3\helpers'
npm warn tar TAR_ENTRY_ERROR ENOENT: no such file or directory, lstat 'C:\Users\USA\Documents\QueenPamela\Open-Audit\node_modules\prismjs\components'
npm warn tar TAR_ENTRY_ERROR ENOENT: no such file or directory, lstat 'C:\Users\USA\Documents\QueenPamela\Open-Audit\node_modules\@babel\runtime-corejs3\helpers'
npm warn tar TAR_ENTRY_ERROR ENOENT: no such file or directory, lstat 'C:\Users\USA\Documents\QueenPamela\Open-Audit\node_modules\prismjs\components'
npm warn tar TAR_ENTRY_ERROR ENOENT: no such file or directory, lstat 'C:\Users\USA\Documents\QueenPamela\Open-Audit\node_modules\@babel\runtime-corejs3\helpers'
npm warn tar TAR_ENTRY_ERROR ENOENT: no such file or directory, lstat 'C:\Users\USA\Documents\QueenPamela\Open-Audit\node_modules\prismjs\components'
npm warn tar TAR_ENTRY_ERROR ENOENT: no such file or directory, lstat 'C:\Users\USA\Documents\QueenPamela\Open-Audit\node_modules\@babel\runtime-corejs3\helpers'
npm warn tar TAR_ENTRY_ERROR ENOENT: no such file or directory, lstat 'C:\Users\USA\Documents\QueenPamela\Open-Audit\node_modules\prismjs\components'
npm warn tar TAR_ENTRY_ERROR ENOENT: no such file or directory, lstat 'C:\Users\USA\Documents\QueenPamela\Open-Audit\node_modules\@babel\runtime-corejs3\helpers'
npm warn tar TAR_ENTRY_ERROR ENOENT: no such file or directory, lstat 'C:\Users\USA\Documents\QueenPamela\Open-Audit\node_modules\prismjs\components'
npm warn tar TAR_ENTRY_ERROR ENOENT: no such file or directory, lstat 'C:\Users\USA\Documents\QueenPamela\Open-Audit\node_modules\@babel\runtime-corejs3\helpers'
npm warn tar TAR_ENTRY_ERROR ENOENT: no such file or directory, lstat 'C:\Users\USA\Documents\QueenPamela\Open-Audit\node_modules\prismjs\components'
npm warn tar TAR_ENTRY_ERROR ENOENT: no such file or directory, lstat 'C:\Users\USA\Documents\QueenPamela\Open-Audit\node_modules\@babel\runtime-corejs3\helpers'
npm warn tar TAR_ENTRY_ERROR ENOENT: no such file or directory, lstat 'C:\Users\USA\Documents\QueenPamela\Open-Audit\node_modules\prismjs\components'
npm warn tar TAR_ENTRY_ERROR ENOENT: no such file or directory, lstat 'C:\Users\USA\Documents\QueenPamela\Open-Audit\node_modules\@babel\runtime-corejs3\helpers'
npm warn tar TAR_ENTRY_ERROR ENOENT: no such file or directory, lstat 'C:\Users\USA\Documents\QueenPamela\Open-Audit\node_modules\prismjs\components'
npm warn tar TAR_ENTRY_ERROR ENOENT: no such file or directory, lstat 'C:\Users\USA\Documents\QueenPamela\Open-Audit\node_modules\@babel\runtime-corejs3\helpers'
npm warn tar TAR_ENTRY_ERROR ENOENT: no such file or directory, lstat 'C:\Users\USA\Documents\QueenPamela\Open-Audit\node_modules\prismjs\components'
npm warn tar TAR_ENTRY_ERROR ENOENT: no such file or directory, lstat 'C:\Users\USA\Documents\QueenPamela\Open-Audit\node_modules\@babel\runtime-corejs3\helpers'
npm warn tar TAR_ENTRY_ERROR ENOENT: no such file or directory, lstat 'C:\Users\USA\Documents\QueenPamela\Open-Audit\node_modules\prismjs\plugins'
npm warn tar TAR_ENTRY_ERROR ENOENT: no such file or directory, lstat 'C:\Users\USA\Documents\QueenPamela\Open-Audit\node_modules\@babel\runtime-corejs3\helpers'
npm warn tar TAR_ENTRY_ERROR ENOENT: no such file or directory, lstat 'C:\Users\USA\Documents\QueenPamela\Open-Audit\node_modules\prismjs\plugins'
npm warn tar TAR_ENTRY_ERROR ENOENT: no such file or directory, lstat 'C:\Users\USA\Documents\QueenPamela\Open-Audit\node_modules\@babel\runtime-corejs3\helpers'
npm warn tar TAR_ENTRY_ERROR ENOENT: no such file or directory, lstat 'C:\Users\USA\Documents\QueenPamela\Open-Audit\node_modules\prismjs\plugins'
npm warn tar TAR_ENTRY_ERROR ENOENT: no such file or directory, lstat 'C:\Users\USA\Documents\QueenPamela\Open-Audit\node_modules\@babel\runtime-corejs3\helpers'
npm warn tar TAR_ENTRY_ERROR ENOENT: no such file or directory, lstat 'C:\Users\USA\Documents\QueenPamela\Open-Audit\node_modules\prismjs\plugins'
npm warn tar TAR_ENTRY_ERROR ENOENT: no such file or directory, lstat 'C:\Users\USA\Documents\QueenPamela\Open-Audit\node_modules\@babel\runtime-corejs3\helpers'
npm warn tar TAR_ENTRY_ERROR ENOENT: no such file or directory, lstat 'C:\Users\USA\Documents\QueenPamela\Open-Audit\node_modules\prismjs\components'
npm warn tar TAR_ENTRY_ERROR ENOENT: no such file or directory, lstat 'C:\Users\USA\Documents\QueenPamela\Open-Audit\node_modules\@babel\runtime-corejs3\helpers'
npm warn tar TAR_ENTRY_ERROR ENOENT: no such file or directory, lstat 'C:\Users\USA\Documents\QueenPamela\Open-Audit\node_modules\prismjs\components'
npm warn tar TAR_ENTRY_ERROR ENOENT: no such file or directory, lstat 'C:\Users\USA\Documents\QueenPamela\Open-Audit\node_modules\@babel\runtime-corejs3\helpers'
npm warn tar TAR_ENTRY_ERROR ENOENT: no such file or directory, lstat 'C:\Users\USA\Documents\QueenPamela\Open-Audit\node_modules\prismjs\components'
npm warn tar TAR_ENTRY_ERROR ENOENT: no such file or directory, lstat 'C:\Users\USA\Documents\QueenPamela\Open-Audit\node_modules\@babel\runtime-corejs3\helpers'
npm warn tar TAR_ENTRY_ERROR ENOENT: no such file or directory, lstat 'C:\Users\USA\Documents\QueenPamela\Open-Audit\node_modules\prismjs\components'
npm warn tar TAR_ENTRY_ERROR ENOENT: no such file or directory, lstat 'C:\Users\USA\Documents\QueenPamela\Open-Audit\node_modules\@babel\runtime-corejs3\helpers'
npm warn tar TAR_ENTRY_ERROR ENOENT: no such file or directory, lstat 'C:\Users\USA\Documents\QueenPamela\Open-Audit\node_modules\prismjs\components'
npm warn tar TAR_ENTRY_ERROR ENOENT: no such file or directory, lstat 'C:\Users\USA\Documents\QueenPamela\Open-Audit\node_modules\@babel\runtime-corejs3\helpers'
npm warn tar TAR_ENTRY_ERROR ENOENT: no such file or directory, lstat 'C:\Users\USA\Documents\QueenPamela\Open-Audit\node_modules\prismjs\components'
npm warn tar TAR_ENTRY_ERROR ENOENT: no such file or directory, lstat 'C:\Users\USA\Documents\QueenPamela\Open-Audit\node_modules\@babel\runtime-corejs3\helpers'
npm warn tar TAR_ENTRY_ERROR ENOENT: no such file or directory, lstat 'C:\Users\USA\Documents\QueenPamela\Open-Audit\node_modules\prismjs\components'
npm warn tar TAR_ENTRY_ERROR ENOENT: no such file or directory, lstat 'C:\Users\USA\Documents\QueenPamela\Open-Audit\node_modules\@babel\runtime-corejs3\helpers'
npm warn tar TAR_ENTRY_ERROR ENOENT: no such file or directory, lstat 'C:\Users\USA\Documents\QueenPamela\Open-Audit\node_modules\prismjs\components'
npm warn tar TAR_ENTRY_ERROR ENOENT: no such file or directory, lstat 'C:\Users\USA\Documents\QueenPamela\Open-Audit\node_modules\@babel\runtime-corejs3\helpers'
npm warn tar TAR_ENTRY_ERROR ENOENT: no such file or directory, lstat 'C:\Users\USA\Documents\QueenPamela\Open-Audit\node_modules\prismjs\components'
npm warn tar TAR_ENTRY_ERROR ENOENT: no such file or directory, lstat 'C:\Users\USA\Documents\QueenPamela\Open-Audit\node_modules\@babel\runtime-corejs3\helpers'
npm warn tar TAR_ENTRY_ERROR ENOENT: no such file or directory, lstat 'C:\Users\USA\Documents\QueenPamela\Open-Audit\node_modules\prismjs\components'
npm warn tar TAR_ENTRY_ERROR ENOENT: no such file or directory, lstat 'C:\Users\USA\Documents\QueenPamela\Open-Audit\node_modules\@babel\runtime-corejs3\helpers'
npm warn tar TAR_ENTRY_ERROR ENOENT: no such file or directory, lstat 'C:\Users\USA\Documents\QueenPamela\Open-Audit\node_modules\prismjs\components'
npm warn tar TAR_ENTRY_ERROR ENOENT: no such file or directory, lstat 'C:\Users\USA\Documents\QueenPamela\Open-Audit\node_modules\@babel\runtime-corejs3\helpers'
npm warn tar TAR_ENTRY_ERROR ENOENT: no such file or directory, lstat 'C:\Users\USA\Documents\QueenPamela\Open-Audit\node_modules\prismjs\components'
npm warn tar TAR_ENTRY_ERROR ENOENT: no such file or directory, lstat 'C:\Users\USA\Documents\QueenPamela\Open-Audit\node_modules\@babel\runtime-corejs3\helpers'
npm warn tar TAR_ENTRY_ERROR ENOENT: no such file or directory, lstat 'C:\Users\USA\Documents\QueenPamela\Open-Audit\node_modules\prismjs\components'
npm warn tar TAR_ENTRY_ERROR ENOENT: no such file or directory, lstat 'C:\Users\USA\Documents\QueenPamela\Open-Audit\node_modules\@babel\runtime-corejs3\helpers'
npm warn tar TAR_ENTRY_ERROR ENOENT: no such file or directory, lstat 'C:\Users\USA\Documents\QueenPamela\Open-Audit\node_modules\prismjs\components'
npm warn tar TAR_ENTRY_ERROR ENOENT: no such file or directory, lstat 'C:\Users\USA\Documents\QueenPamela\Open-Audit\node_modules\@babel\runtime-corejs3\helpers'
npm warn tar TAR_ENTRY_ERROR ENOENT: no such file or directory, lstat 'C:\Users\USA\Documents\QueenPamela\Open-Audit\node_modules\prismjs\components'
npm warn tar TAR_ENTRY_ERROR ENOENT: no such file or directory, lstat 'C:\Users\USA\Documents\QueenPamela\Open-Audit\node_modules\@babel\runtime-corejs3\helpers'
npm warn tar TAR_ENTRY_ERROR ENOENT: no such file or directory, lstat 'C:\Users\USA\Documents\QueenPamela\Open-Audit\node_modules\prismjs\components'
npm warn tar TAR_ENTRY_ERROR ENOENT: no such file or directory, lstat 'C:\Users\USA\Documents\QueenPamela\Open-Audit\node_modules\@babel\runtime-corejs3\helpers'
npm warn tar TAR_ENTRY_ERROR ENOENT: no such file or directory, lstat 'C:\Users\USA\Documents\QueenPamela\Open-Audit\node_modules\prismjs\components'
npm warn tar TAR_ENTRY_ERROR ENOENT: no such file or directory, lstat 'C:\Users\USA\Documents\QueenPamela\Open-Audit\node_modules\@babel\runtime-corejs3\helpers'
npm warn tar TAR_ENTRY_ERROR ENOENT: no such file or directory, lstat 'C:\Users\USA\Documents\QueenPamela\Open-Audit\node_modules\prismjs\components'
npm warn tar TAR_ENTRY_ERROR ENOENT: no such file or directory, lstat 'C:\Users\USA\Documents\QueenPamela\Open-Audit\node_modules\@babel\runtime-corejs3\helpers'
npm warn tar TAR_ENTRY_ERROR ENOENT: no such file or directory, lstat 'C:\Users\USA\Documents\QueenPamela\Open-Audit\node_modules\prismjs\components'
npm warn tar TAR_ENTRY_ERROR ENOENT: no such file or directory, lstat 'C:\Users\USA\Documents\QueenPamela\Open-Audit\node_modules\@babel\runtime-corejs3\helpers'
npm warn tar TAR_ENTRY_ERROR ENOENT: no such file or directory, lstat 'C:\Users\USA\Documents\QueenPamela\Open-Audit\node_modules\prismjs\components'
npm warn tar TAR_ENTRY_ERROR ENOENT: no such file or directory, lstat 'C:\Users\USA\Documents\QueenPamela\Open-Audit\node_modules\@babel\runtime-corejs3\helpers'
npm warn tar TAR_ENTRY_ERROR ENOENT: no such file or directory, lstat 'C:\Users\USA\Documents\QueenPamela\Open-Audit\node_modules\prismjs\components'
npm warn tar TAR_ENTRY_ERROR ENOENT: no such file or directory, lstat 'C:\Users\USA\Documents\QueenPamela\Open-Audit\node_modules\@babel\runtime-corejs3\helpers'
npm warn tar TAR_ENTRY_ERROR ENOENT: no such file or directory, lstat 'C:\Users\USA\Documents\QueenPamela\Open-Audit\node_modules\prismjs\components'
npm warn tar TAR_ENTRY_ERROR ENOENT: no such file or directory, lstat 'C:\Users\USA\Documents\QueenPamela\Open-Audit\node_modules\@babel\runtime-corejs3\helpers'
npm warn tar TAR_ENTRY_ERROR ENOENT: no such file or directory, lstat 'C:\Users\USA\Documents\QueenPamela\Open-Audit\node_modules\prismjs\components'
npm warn tar TAR_ENTRY_ERROR ENOENT: no such file or directory, lstat 'C:\Users\USA\Documents\QueenPamela\Open-Audit\node_modules\@babel\runtime-corejs3\helpers'
npm warn tar TAR_ENTRY_ERROR ENOENT: no such file or directory, lstat 'C:\Users\USA\Documents\QueenPamela\Open-Audit\node_modules\prismjs\components'
npm warn tar TAR_ENTRY_ERROR ENOENT: no such file or directory, lstat 'C:\Users\USA\Documents\QueenPamela\Open-Audit\node_modules\@babel\runtime-corejs3\helpers'
npm warn tar TAR_ENTRY_ERROR ENOENT: no such file or directory, lstat 'C:\Users\USA\Documents\QueenPamela\Open-Audit\node_modules\prismjs\components'
npm warn tar TAR_ENTRY_ERROR ENOENT: no such file or directory, lstat 'C:\Users\USA\Documents\QueenPamela\Open-Audit\node_modules\@babel\runtime-corejs3\helpers'
npm warn tar TAR_ENTRY_ERROR ENOENT: no such file or directory, lstat 'C:\Users\USA\Documents\QueenPamela\Open-Audit\node_modules\prismjs\components'
npm warn tar TAR_ENTRY_ERROR ENOENT: no such file or directory, lstat 'C:\Users\USA\Documents\QueenPamela\Open-Audit\node_modules\@babel\runtime-corejs3\helpers'
npm warn tar TAR_ENTRY_ERROR ENOENT: no such file or directory, lstat 'C:\Users\USA\Documents\QueenPamela\Open-Audit\node_modules\prismjs\components'
npm warn tar TAR_ENTRY_ERROR ENOENT: no such file or directory, lstat 'C:\Users\USA\Documents\QueenPamela\Open-Audit\node_modules\@babel\runtime-corejs3\helpers'
npm warn tar TAR_ENTRY_ERROR ENOENT: no such file or directory, lstat 'C:\Users\USA\Documents\QueenPamela\Open-Audit\node_modules\prismjs\components'
npm warn tar TAR_ENTRY_ERROR ENOENT: no such file or directory, lstat 'C:\Users\USA\Documents\QueenPamela\Open-Audit\node_modules\@babel\runtime-corejs3\helpers'
npm warn tar TAR_ENTRY_ERROR ENOENT: no such file or directory, lstat 'C:\Users\USA\Documents\QueenPamela\Open-Audit\node_modules\prismjs\plugins'
npm warn tar TAR_ENTRY_ERROR ENOENT: no such file or directory, lstat 'C:\Users\USA\Documents\QueenPamela\Open-Audit\node_modules\@babel\runtime-corejs3\helpers'
npm warn tar TAR_ENTRY_ERROR ENOENT: no such file or directory, lstat 'C:\Users\USA\Documents\QueenPamela\Open-Audit\node_modules\prismjs\plugins'
npm warn tar TAR_ENTRY_ERROR ENOENT: no such file or directory, lstat 'C:\Users\USA\Documents\QueenPamela\Open-Audit\node_modules\@babel\runtime-corejs3\helpers'
npm warn tar TAR_ENTRY_ERROR ENOENT: no such file or directory, lstat 'C:\Users\USA\Documents\QueenPamela\Open-Audit\node_modules\prismjs\components'
npm warn tar TAR_ENTRY_ERROR ENOENT: no such file or directory, lstat 'C:\Users\USA\Documents\QueenPamela\Open-Audit\node_modules\@babel\runtime-corejs3\helpers'
npm warn tar TAR_ENTRY_ERROR ENOENT: no such file or directory, lstat 'C:\Users\USA\Documents\QueenPamela\Open-Audit\node_modules\prismjs\components'
npm warn tar TAR_ENTRY_ERROR ENOENT: no such file or directory, lstat 'C:\Users\USA\Documents\QueenPamela\Open-Audit\node_modules\@babel\runtime-corejs3\helpers'
npm warn tar TAR_ENTRY_ERROR ENOENT: no such file or directory, lstat 'C:\Users\USA\Documents\QueenPamela\Open-Audit\node_modules\prismjs\components'
npm warn tar TAR_ENTRY_ERROR ENOENT: no such file or directory, lstat 'C:\Users\USA\Documents\QueenPamela\Open-Audit\node_modules\@babel\runtime-corejs3\helpers'
npm warn tar TAR_ENTRY_ERROR ENOENT: no such file or directory, lstat 'C:\Users\USA\Documents\QueenPamela\Open-Audit\node_modules\prismjs\components'
npm warn tar TAR_ENTRY_ERROR ENOENT: no such file or directory, lstat 'C:\Users\USA\Documents\QueenPamela\Open-Audit\node_modules\@babel\runtime-corejs3\helpers'
npm warn tar TAR_ENTRY_ERROR ENOENT: no such file or directory, lstat 'C:\Users\USA\Documents\QueenPamela\Open-Audit\node_modules\prismjs\components'
npm warn tar TAR_ENTRY_ERROR ENOENT: no such file or directory, lstat 'C:\Users\USA\Documents\QueenPamela\Open-Audit\node_modules\@babel\runtime-corejs3\helpers'
npm warn tar TAR_ENTRY_ERROR ENOENT: no such file or directory, lstat 'C:\Users\USA\Documents\QueenPamela\Open-Audit\node_modules\prismjs\components'
npm warn tar TAR_ENTRY_ERROR ENOENT: no such file or directory, lstat 'C:\Users\USA\Documents\QueenPamela\Open-Audit\node_modules\@babel\runtime-corejs3\helpers'
npm warn tar TAR_ENTRY_ERROR ENOENT: no such file or directory, lstat 'C:\Users\USA\Documents\QueenPamela\Open-Audit\node_modules\prismjs\components'
npm warn tar TAR_ENTRY_ERROR ENOENT: no such file or directory, lstat 'C:\Users\USA\Documents\QueenPamela\Open-Audit\node_modules\@babel\runtime-corejs3\helpers'
npm warn tar TAR_ENTRY_ERROR ENOENT: no such file or directory, lstat 'C:\Users\USA\Documents\QueenPamela\Open-Audit\node_modules\prismjs\components'
npm warn tar TAR_ENTRY_ERROR ENOENT: no such file or directory, lstat 'C:\Users\USA\Documents\QueenPamela\Open-Audit\node_modules\@babel\runtime-corejs3\helpers'
npm warn tar TAR_ENTRY_ERROR ENOENT: no such file or directory, lstat 'C:\Users\USA\Documents\QueenPamela\Open-Audit\node_modules\prismjs\components'
npm warn tar TAR_ENTRY_ERROR ENOENT: no such file or directory, lstat 'C:\Users\USA\Documents\QueenPamela\Open-Audit\node_modules\@babel\runtime-corejs3\helpers'
npm warn tar TAR_ENTRY_ERROR ENOENT: no such file or directory, lstat 'C:\Users\USA\Documents\QueenPamela\Open-Audit\node_modules\prismjs\components'
npm warn tar TAR_ENTRY_ERROR ENOENT: no such file or directory, lstat 'C:\Users\USA\Documents\QueenPamela\Open-Audit\node_modules\@babel\runtime-corejs3\helpers'
npm warn tar TAR_ENTRY_ERROR ENOENT: no such file or directory, lstat 'C:\Users\USA\Documents\QueenPamela\Open-Audit\node_modules\prismjs\components'
npm warn tar TAR_ENTRY_ERROR ENOENT: no such file or directory, lstat 'C:\Users\USA\Documents\QueenPamela\Open-Audit\node_modules\@babel\runtime-corejs3\helpers'
npm warn tar TAR_ENTRY_ERROR ENOENT: no such file or directory, lstat 'C:\Users\USA\Documents\QueenPamela\Open-Audit\node_modules\prismjs\components'
npm warn tar TAR_ENTRY_ERROR ENOENT: no such file or directory, lstat 'C:\Users\USA\Documents\QueenPamela\Open-Audit\node_modules\@babel\runtime-corejs3\helpers'
npm warn tar TAR_ENTRY_ERROR ENOENT: no such file or directory, lstat 'C:\Users\USA\Documents\QueenPamela\Open-Audit\node_modules\prismjs\components'
npm warn tar TAR_ENTRY_ERROR ENOENT: no such file or directory, lstat 'C:\Users\USA\Documents\QueenPamela\Open-Audit\node_modules\@babel\runtime-corejs3\helpers'
npm warn tar TAR_ENTRY_ERROR ENOENT: no such file or directory, lstat 'C:\Users\USA\Documents\QueenPamela\Open-Audit\node_modules\prismjs\components'
npm warn tar TAR_ENTRY_ERROR ENOENT: no such file or directory, lstat 'C:\Users\USA\Documents\QueenPamela\Open-Audit\node_modules\@babel\runtime-corejs3\helpers'
npm warn tar TAR_ENTRY_ERROR ENOENT: no such file or directory, lstat 'C:\Users\USA\Documents\QueenPamela\Open-Audit\node_modules\prismjs\components'
npm warn tar TAR_ENTRY_ERROR ENOENT: no such file or directory, lstat 'C:\Users\USA\Documents\QueenPamela\Open-Audit\node_modules\@babel\runtime-corejs3\helpers'
npm warn tar TAR_ENTRY_ERROR ENOENT: no such file or directory, lstat 'C:\Users\USA\Documents\QueenPamela\Open-Audit\node_modules\prismjs\components'
npm warn tar TAR_ENTRY_ERROR ENOENT: no such file or directory, lstat 'C:\Users\USA\Documents\QueenPamela\Open-Audit\node_modules\@babel\runtime-corejs3\helpers'
npm warn tar TAR_ENTRY_ERROR ENOENT: no such file or directory, lstat 'C:\Users\USA\Documents\QueenPamela\Open-Audit\node_modules\prismjs\components'
npm warn tar TAR_ENTRY_ERROR ENOENT: no such file or directory, lstat 'C:\Users\USA\Documents\QueenPamela\Open-Audit\node_modules\@babel\runtime-corejs3\helpers'
npm warn tar TAR_ENTRY_ERROR ENOENT: no such file or directory, lstat 'C:\Users\USA\Documents\QueenPamela\Open-Audit\node_modules\prismjs\components'
npm warn tar TAR_ENTRY_ERROR ENOENT: no such file or directory, lstat 'C:\Users\USA\Documents\QueenPamela\Open-Audit\node_modules\@babel\runtime-corejs3\helpers'
npm warn tar TAR_ENTRY_ERROR ENOENT: no such file or directory, lstat 'C:\Users\USA\Documents\QueenPamela\Open-Audit\node_modules\prismjs\components'
npm warn tar TAR_ENTRY_ERROR ENOENT: no such file or directory, lstat 'C:\Users\USA\Documents\QueenPamela\Open-Audit\node_modules\@babel\runtime-corejs3\helpers'
npm warn tar TAR_ENTRY_ERROR ENOENT: no such file or directory, lstat 'C:\Users\USA\Documents\QueenPamela\Open-Audit\node_modules\prismjs\components'
npm warn tar TAR_ENTRY_ERROR ENOENT: no such file or directory, lstat 'C:\Users\USA\Documents\QueenPamela\Open-Audit\node_modules\@babel\runtime-corejs3\helpers'
npm warn tar TAR_ENTRY_ERROR ENOENT: no such file or directory, lstat 'C:\Users\USA\Documents\QueenPamela\Open-Audit\node_modules\prismjs\components'
npm warn tar TAR_ENTRY_ERROR ENOENT: no such file or directory, lstat 'C:\Users\USA\Documents\QueenPamela\Open-Audit\node_modules\@babel\runtime-corejs3\helpers'
npm warn tar TAR_ENTRY_ERROR ENOENT: no such file or directory, lstat 'C:\Users\USA\Documents\QueenPamela\Open-Audit\node_modules\prismjs\components'
npm warn tar TAR_ENTRY_ERROR ENOENT: no such file or directory, lstat 'C:\Users\USA\Documents\QueenPamela\Open-Audit\node_modules\@babel\runtime-corejs3\helpers'
npm warn tar TAR_ENTRY_ERROR ENOENT: no such file or directory, lstat 'C:\Users\USA\Documents\QueenPamela\Open-Audit\node_modules\prismjs\components'
npm warn tar TAR_ENTRY_ERROR ENOENT: no such file or directory, lstat 'C:\Users\USA\Documents\QueenPamela\Open-Audit\node_modules\@babel\runtime-corejs3\helpers'
npm warn tar TAR_ENTRY_ERROR ENOENT: no such file or directory, lstat 'C:\Users\USA\Documents\QueenPamela\Open-Audit\node_modules\prismjs\components'
npm warn tar TAR_ENTRY_ERROR ENOENT: no such file or directory, lstat 'C:\Users\USA\Documents\QueenPamela\Open-Audit\node_modules\prismjs\components'
npm warn tar TAR_ENTRY_ERROR ENOENT: no such file or directory, lstat 'C:\Users\USA\Documents\QueenPamela\Open-Audit\node_modules\@babel\runtime-corejs3\helpers'
npm warn tar TAR_ENTRY_ERROR ENOENT: no such file or directory, lstat 'C:\Users\USA\Documents\QueenPamela\Open-Audit\node_modules\prismjs\components'
npm warn tar TAR_ENTRY_ERROR ENOENT: no such file or directory, lstat 'C:\Users\USA\Documents\QueenPamela\Open-Audit\node_modules\@babel\runtime-corejs3\helpers'
npm warn tar TAR_ENTRY_ERROR ENOENT: no such file or directory, lstat 'C:\Users\USA\Documents\QueenPamela\Open-Audit\node_modules\prismjs\components'
npm warn tar TAR_ENTRY_ERROR ENOENT: no such file or directory, lstat 'C:\Users\USA\Documents\QueenPamela\Open-Audit\node_modules\@babel\runtime-corejs3\helpers'
npm warn tar TAR_ENTRY_ERROR ENOENT: no such file or directory, lstat 'C:\Users\USA\Documents\QueenPamela\Open-Audit\node_modules\prismjs\components'
npm warn tar TAR_ENTRY_ERROR ENOENT: no such file or directory, lstat 'C:\Users\USA\Documents\QueenPamela\Open-Audit\node_modules\@babel\runtime-corejs3\helpers'
npm warn tar TAR_ENTRY_ERROR ENOENT: no such file or directory, lstat 'C:\Users\USA\Documents\QueenPamela\Open-Audit\node_modules\prismjs\components'
npm warn tar TAR_ENTRY_ERROR ENOENT: no such file or directory, lstat 'C:\Users\USA\Documents\QueenPamela\Open-Audit\node_modules\@babel\runtime-corejs3\helpers'
npm warn tar TAR_ENTRY_ERROR ENOENT: no such file or directory, lstat 'C:\Users\USA\Documents\QueenPamela\Open-Audit\node_modules\prismjs\components'
npm warn tar TAR_ENTRY_ERROR ENOENT: no such file or directory, lstat 'C:\Users\USA\Documents\QueenPamela\Open-Audit\node_modules\@babel\runtime-corejs3\helpers'
npm warn tar TAR_ENTRY_ERROR ENOENT: no such file or directory, lstat 'C:\Users\USA\Documents\QueenPamela\Open-Audit\node_modules\prismjs\components'
npm warn tar TAR_ENTRY_ERROR ENOENT: no such file or directory, lstat 'C:\Users\USA\Documents\QueenPamela\Open-Audit\node_modules\@babel\runtime-corejs3\helpers'
npm warn tar TAR_ENTRY_ERROR ENOENT: no such file or directory, lstat 'C:\Users\USA\Documents\QueenPamela\Open-Audit\node_modules\prismjs\components'
npm warn tar TAR_ENTRY_ERROR ENOENT: no such file or directory, lstat 'C:\Users\USA\Documents\QueenPamela\Open-Audit\node_modules\@babel\runtime-corejs3\helpers'
npm warn tar TAR_ENTRY_ERROR ENOENT: no such file or directory, lstat 'C:\Users\USA\Documents\QueenPamela\Open-Audit\node_modules\prismjs\components'
npm warn tar TAR_ENTRY_ERROR ENOENT: no such file or directory, lstat 'C:\Users\USA\Documents\QueenPamela\Open-Audit\node_modules\@babel\runtime-corejs3\helpers'
npm warn tar TAR_ENTRY_ERROR ENOENT: no such file or directory, lstat 'C:\Users\USA\Documents\QueenPamela\Open-Audit\node_modules\prismjs\components'
npm warn tar TAR_ENTRY_ERROR ENOENT: no such file or directory, lstat 'C:\Users\USA\Documents\QueenPamela\Open-Audit\node_modules\@babel\runtime-corejs3\helpers'
npm warn tar TAR_ENTRY_ERROR ENOENT: no such file or directory, lstat 'C:\Users\USA\Documents\QueenPamela\Open-Audit\node_modules\prismjs\components'
npm warn tar TAR_ENTRY_ERROR ENOENT: no such file or directory, lstat 'C:\Users\USA\Documents\QueenPamela\Open-Audit\node_modules\@babel\runtime-corejs3\helpers'
npm warn tar TAR_ENTRY_ERROR ENOENT: no such file or directory, lstat 'C:\Users\USA\Documents\QueenPamela\Open-Audit\node_modules\prismjs\components'
npm warn tar TAR_ENTRY_ERROR ENOENT: no such file or directory, lstat 'C:\Users\USA\Documents\QueenPamela\Open-Audit\node_modules\@babel\runtime-corejs3\helpers'
npm warn tar TAR_ENTRY_ERROR ENOENT: no such file or directory, lstat 'C:\Users\USA\Documents\QueenPamela\Open-Audit\node_modules\prismjs\components'
npm warn tar TAR_ENTRY_ERROR ENOENT: no such file or directory, lstat 'C:\Users\USA\Documents\QueenPamela\Open-Audit\node_modules\@babel\runtime-corejs3\helpers'
npm warn tar TAR_ENTRY_ERROR ENOENT: no such file or directory, lstat 'C:\Users\USA\Documents\QueenPamela\Open-Audit\node_modules\prismjs\components'
npm warn tar TAR_ENTRY_ERROR ENOENT: no such file or directory, lstat 'C:\Users\USA\Documents\QueenPamela\Open-Audit\node_modules\@babel\runtime-corejs3\helpers'
npm warn tar TAR_ENTRY_ERROR ENOENT: no such file or directory, lstat 'C:\Users\USA\Documents\QueenPamela\Open-Audit\node_modules\prismjs\plugins'
npm warn tar TAR_ENTRY_ERROR ENOENT: no such file or directory, lstat 'C:\Users\USA\Documents\QueenPamela\Open-Audit\node_modules\@babel\runtime-corejs3\helpers'
npm warn tar TAR_ENTRY_ERROR ENOENT: no such file or directory, lstat 'C:\Users\USA\Documents\QueenPamela\Open-Audit\node_modules\prismjs\plugins'
npm warn tar TAR_ENTRY_ERROR ENOENT: no such file or directory, lstat 'C:\Users\USA\Documents\QueenPamela\Open-Audit\node_modules\@babel\runtime-corejs3\helpers'
npm warn tar TAR_ENTRY_ERROR ENOENT: no such file or directory, lstat 'C:\Users\USA\Documents\QueenPamela\Open-Audit\node_modules\prismjs\components'
npm warn tar TAR_ENTRY_ERROR ENOENT: no such file or directory, lstat 'C:\Users\USA\Documents\QueenPamela\Open-Audit\node_modules\@babel\runtime-corejs3\helpers'
npm warn tar TAR_ENTRY_ERROR ENOENT: no such file or directory, lstat 'C:\Users\USA\Documents\QueenPamela\Open-Audit\node_modules\prismjs\components'
npm warn tar TAR_ENTRY_ERROR ENOENT: no such file or directory, lstat 'C:\Users\USA\Documents\QueenPamela\Open-Audit\node_modules\@babel\runtime-corejs3\helpers'
npm warn tar TAR_ENTRY_ERROR ENOENT: no such file or directory, lstat 'C:\Users\USA\Documents\QueenPamela\Open-Audit\node_modules\prismjs\components'
npm warn tar TAR_ENTRY_ERROR ENOENT: no such file or directory, lstat 'C:\Users\USA\Documents\QueenPamela\Open-Audit\node_modules\@babel\runtime-corejs3\helpers'
npm warn tar TAR_ENTRY_ERROR ENOENT: no such file or directory, lstat 'C:\Users\USA\Documents\QueenPamela\Open-Audit\node_modules\prismjs\components'
npm warn tar TAR_ENTRY_ERROR ENOENT: no such file or directory, lstat 'C:\Users\USA\Documents\QueenPamela\Open-Audit\node_modules\@babel\runtime-corejs3\helpers'
npm warn tar TAR_ENTRY_ERROR ENOENT: no such file or directory, lstat 'C:\Users\USA\Documents\QueenPamela\Open-Audit\node_modules\prismjs\components'
npm warn tar TAR_ENTRY_ERROR ENOENT: no such file or directory, lstat 'C:\Users\USA\Documents\QueenPamela\Open-Audit\node_modules\@babel\runtime-corejs3\helpers'
npm warn tar TAR_ENTRY_ERROR ENOENT: no such file or directory, lstat 'C:\Users\USA\Documents\QueenPamela\Open-Audit\node_modules\prismjs\components'
npm warn tar TAR_ENTRY_ERROR ENOENT: no such file or directory, lstat 'C:\Users\USA\Documents\QueenPamela\Open-Audit\node_modules\@babel\runtime-corejs3\helpers'
npm warn tar TAR_ENTRY_ERROR ENOENT: no such file or directory, lstat 'C:\Users\USA\Documents\QueenPamela\Open-Audit\node_modules\prismjs\components'
npm warn tar TAR_ENTRY_ERROR ENOENT: no such file or directory, lstat 'C:\Users\USA\Documents\QueenPamela\Open-Audit\node_modules\@babel\runtime-corejs3\helpers'
npm warn tar TAR_ENTRY_ERROR ENOENT: no such file or directory, lstat 'C:\Users\USA\Documents\QueenPamela\Open-Audit\node_modules\prismjs\components'
npm warn tar TAR_ENTRY_ERROR ENOENT: no such file or directory, lstat 'C:\Users\USA\Documents\QueenPamela\Open-Audit\node_modules\@babel\runtime-corejs3\helpers'
npm warn tar TAR_ENTRY_ERROR ENOENT: no such file or directory, lstat 'C:\Users\USA\Documents\QueenPamela\Open-Audit\node_modules\prismjs\components'
npm warn tar TAR_ENTRY_ERROR ENOENT: no such file or directory, lstat 'C:\Users\USA\Documents\QueenPamela\Open-Audit\node_modules\@babel\runtime-corejs3\helpers'
npm warn tar TAR_ENTRY_ERROR ENOENT: no such file or directory, lstat 'C:\Users\USA\Documents\QueenPamela\Open-Audit\node_modules\prismjs\components'
npm warn tar TAR_ENTRY_ERROR ENOENT: no such file or directory, lstat 'C:\Users\USA\Documents\QueenPamela\Open-Audit\node_modules\@babel\runtime-corejs3\helpers'
npm warn tar TAR_ENTRY_ERROR ENOENT: no such file or directory, lstat 'C:\Users\USA\Documents\QueenPamela\Open-Audit\node_modules\prismjs\components'
npm warn tar TAR_ENTRY_ERROR ENOENT: no such file or directory, lstat 'C:\Users\USA\Documents\QueenPamela\Open-Audit\node_modules\@babel\runtime-corejs3\helpers'
npm warn tar TAR_ENTRY_ERROR ENOENT: no such file or directory, lstat 'C:\Users\USA\Documents\QueenPamela\Open-Audit\node_modules\prismjs\components'
npm warn tar TAR_ENTRY_ERROR ENOENT: no such file or directory, lstat 'C:\Users\USA\Documents\QueenPamela\Open-Audit\node_modules\@babel\runtime-corejs3\helpers'
npm warn tar TAR_ENTRY_ERROR ENOENT: no such file or directory, lstat 'C:\Users\USA\Documents\QueenPamela\Open-Audit\node_modules\prismjs\components'
npm warn tar TAR_ENTRY_ERROR ENOENT: no such file or directory, lstat 'C:\Users\USA\Documents\QueenPamela\Open-Audit\node_modules\@babel\runtime-corejs3\helpers'
npm warn tar TAR_ENTRY_ERROR ENOENT: no such file or directory, lstat 'C:\Users\USA\Documents\QueenPamela\Open-Audit\node_modules\prismjs\components'
npm warn tar TAR_ENTRY_ERROR ENOENT: no such file or directory, lstat 'C:\Users\USA\Documents\QueenPamela\Open-Audit\node_modules\@babel\runtime-corejs3\helpers'
npm warn tar TAR_ENTRY_ERROR ENOENT: no such file or directory, lstat 'C:\Users\USA\Documents\QueenPamela\Open-Audit\node_modules\prismjs\components'
npm warn tar TAR_ENTRY_ERROR ENOENT: no such file or directory, lstat 'C:\Users\USA\Documents\QueenPamela\Open-Audit\node_modules\@babel\runtime-corejs3\helpers'
npm warn tar TAR_ENTRY_ERROR ENOENT: no such file or directory, lstat 'C:\Users\USA\Documents\QueenPamela\Open-Audit\node_modules\prismjs\components'
npm warn tar TAR_ENTRY_ERROR ENOENT: no such file or directory, lstat 'C:\Users\USA\Documents\QueenPamela\Open-Audit\node_modules\@babel\runtime-corejs3\helpers'
npm warn tar TAR_ENTRY_ERROR ENOENT: no such file or directory, lstat 'C:\Users\USA\Documents\QueenPamela\Open-Audit\node_modules\prismjs\components'
npm warn tar TAR_ENTRY_ERROR ENOENT: no such file or directory, lstat 'C:\Users\USA\Documents\QueenPamela\Open-Audit\node_modules\@babel\runtime-corejs3\helpers'
npm warn tar TAR_ENTRY_ERROR ENOENT: no such file or directory, lstat 'C:\Users\USA\Documents\QueenPamela\Open-Audit\node_modules\prismjs\components'
npm warn tar TAR_ENTRY_ERROR ENOENT: no such file or directory, lstat 'C:\Users\USA\Documents\QueenPamela\Open-Audit\node_modules\@babel\runtime-corejs3\helpers'
npm warn tar TAR_ENTRY_ERROR ENOENT: no such file or directory, lstat 'C:\Users\USA\Documents\QueenPamela\Open-Audit\node_modules\prismjs\components'
npm warn tar TAR_ENTRY_ERROR ENOENT: no such file or directory, lstat 'C:\Users\USA\Documents\QueenPamela\Open-Audit\node_modules\@babel\runtime-corejs3\helpers'
npm warn tar TAR_ENTRY_ERROR ENOENT: no such file or directory, lstat 'C:\Users\USA\Documents\QueenPamela\Open-Audit\node_modules\prismjs\components'
npm warn tar TAR_ENTRY_ERROR ENOENT: no such file or directory, lstat 'C:\Users\USA\Documents\QueenPamela\Open-Audit\node_modules\@babel\runtime-corejs3\helpers'
npm warn tar TAR_ENTRY_ERROR ENOENT: no such file or directory, lstat 'C:\Users\USA\Documents\QueenPamela\Open-Audit\node_modules\prismjs\components'
npm warn tar TAR_ENTRY_ERROR ENOENT: no such file or directory, lstat 'C:\Users\USA\Documents\QueenPamela\Open-Audit\node_modules\@babel\runtime-corejs3\helpers'
npm warn tar TAR_ENTRY_ERROR ENOENT: no such file or directory, lstat 'C:\Users\USA\Documents\QueenPamela\Open-Audit\node_modules\prismjs\components'
npm warn tar TAR_ENTRY_ERROR ENOENT: no such file or directory, lstat 'C:\Users\USA\Documents\QueenPamela\Open-Audit\node_modules\@babel\runtime-corejs3\helpers'
npm warn tar TAR_ENTRY_ERROR ENOENT: no such file or directory, lstat 'C:\Users\USA\Documents\QueenPamela\Open-Audit\node_modules\prismjs\components'
npm warn tar TAR_ENTRY_ERROR ENOENT: no such file or directory, lstat 'C:\Users\USA\Documents\QueenPamela\Open-Audit\node_modules\@babel\runtime-corejs3\helpers'
npm warn tar TAR_ENTRY_ERROR ENOENT: no such file or directory, lstat 'C:\Users\USA\Documents\QueenPamela\Open-Audit\node_modules\prismjs\components'
npm warn tar TAR_ENTRY_ERROR ENOENT: no such file or directory, lstat 'C:\Users\USA\Documents\QueenPamela\Open-Audit\node_modules\@babel\runtime-corejs3\helpers'
npm warn tar TAR_ENTRY_ERROR ENOENT: no such file or directory, lstat 'C:\Users\USA\Documents\QueenPamela\Open-Audit\node_modules\prismjs\components'
npm warn tar TAR_ENTRY_ERROR ENOENT: no such file or directory, lstat 'C:\Users\USA\Documents\QueenPamela\Open-Audit\node_modules\@babel\runtime-corejs3\helpers'
npm warn tar TAR_ENTRY_ERROR ENOENT: no such file or directory, lstat 'C:\Users\USA\Documents\QueenPamela\Open-Audit\node_modules\prismjs\components'
npm warn tar TAR_ENTRY_ERROR ENOENT: no such file or directory, lstat 'C:\Users\USA\Documents\QueenPamela\Open-Audit\node_modules\@babel\runtime-corejs3\helpers'
npm warn tar TAR_ENTRY_ERROR ENOENT: no such file or directory, lstat 'C:\Users\USA\Documents\QueenPamela\Open-Audit\node_modules\prismjs\components'
npm warn tar TAR_ENTRY_ERROR ENOENT: no such file or directory, lstat 'C:\Users\USA\Documents\QueenPamela\Open-Audit\node_modules\@babel\runtime-corejs3\helpers'
npm warn tar TAR_ENTRY_ERROR ENOENT: no such file or directory, lstat 'C:\Users\USA\Documents\QueenPamela\Open-Audit\node_modules\prismjs\components'
npm warn tar TAR_ENTRY_ERROR ENOENT: no such file or directory, lstat 'C:\Users\USA\Documents\QueenPamela\Open-Audit\node_modules\@babel\runtime-corejs3\helpers'
npm warn tar TAR_ENTRY_ERROR ENOENT: no such file or directory, lstat 'C:\Users\USA\Documents\QueenPamela\Open-Audit\node_modules\prismjs\components'
npm warn tar TAR_ENTRY_ERROR ENOENT: no such file or directory, lstat 'C:\Users\USA\Documents\QueenPamela\Open-Audit\node_modules\@babel\runtime-corejs3\helpers'
npm warn tar TAR_ENTRY_ERROR ENOENT: no such file or directory, lstat 'C:\Users\USA\Documents\QueenPamela\Open-Audit\node_modules\prismjs\components'
npm warn tar TAR_ENTRY_ERROR ENOENT: no such file or directory, lstat 'C:\Users\USA\Documents\QueenPamela\Open-Audit\node_modules\@babel\runtime-corejs3\helpers'
npm warn tar TAR_ENTRY_ERROR ENOENT: no such file or directory, lstat 'C:\Users\USA\Documents\QueenPamela\Open-Audit\node_modules\prismjs\components'
npm warn tar TAR_ENTRY_ERROR ENOENT: no such file or directory, lstat 'C:\Users\USA\Documents\QueenPamela\Open-Audit\node_modules\@babel\runtime-corejs3\helpers'
npm warn tar TAR_ENTRY_ERROR ENOENT: no such file or directory, lstat 'C:\Users\USA\Documents\QueenPamela\Open-Audit\node_modules\prismjs\components'
npm warn tar TAR_ENTRY_ERROR ENOENT: no such file or directory, lstat 'C:\Users\USA\Documents\QueenPamela\Open-Audit\node_modules\@babel\runtime-corejs3\helpers'
npm warn tar TAR_ENTRY_ERROR ENOENT: no such file or directory, lstat 'C:\Users\USA\Documents\QueenPamela\Open-Audit\node_modules\prismjs\components'
npm warn tar TAR_ENTRY_ERROR ENOENT: no such file or directory, lstat 'C:\Users\USA\Documents\QueenPamela\Open-Audit\node_modules\@babel\runtime-corejs3\helpers'
npm warn tar TAR_ENTRY_ERROR ENOENT: no such file or directory, lstat 'C:\Users\USA\Documents\QueenPamela\Open-Audit\node_modules\prismjs\components'
npm warn tar TAR_ENTRY_ERROR ENOENT: no such file or directory, lstat 'C:\Users\USA\Documents\QueenPamela\Open-Audit\node_modules\@babel\runtime-corejs3\helpers'
npm warn tar TAR_ENTRY_ERROR ENOENT: no such file or directory, lstat 'C:\Users\USA\Documents\QueenPamela\Open-Audit\node_modules\prismjs\components'
npm warn tar TAR_ENTRY_ERROR ENOENT: no such file or directory, lstat 'C:\Users\USA\Documents\QueenPamela\Open-Audit\node_modules\@babel\runtime-corejs3\helpers'
npm warn tar TAR_ENTRY_ERROR ENOENT: no such file or directory, lstat 'C:\Users\USA\Documents\QueenPamela\Open-Audit\node_modules\prismjs\components'
npm warn tar TAR_ENTRY_ERROR ENOENT: no such file or directory, lstat 'C:\Users\USA\Documents\QueenPamela\Open-Audit\node_modules\@babel\runtime-corejs3\helpers'
npm warn tar TAR_ENTRY_ERROR ENOENT: no such file or directory, lstat 'C:\Users\USA\Documents\QueenPamela\Open-Audit\node_modules\prismjs\components'
npm warn tar TAR_ENTRY_ERROR ENOENT: no such file or directory, lstat 'C:\Users\USA\Documents\QueenPamela\Open-Audit\node_modules\@babel\runtime-corejs3\helpers'
npm warn tar TAR_ENTRY_ERROR ENOENT: no such file or directory, lstat 'C:\Users\USA\Documents\QueenPamela\Open-Audit\node_modules\prismjs\components'
npm warn tar TAR_ENTRY_ERROR ENOENT: no such file or directory, lstat 'C:\Users\USA\Documents\QueenPamela\Open-Audit\node_modules\@babel\runtime-corejs3\helpers'
npm warn tar TAR_ENTRY_ERROR ENOENT: no such file or directory, lstat 'C:\Users\USA\Documents\QueenPamela\Open-Audit\node_modules\prismjs\components'
npm warn tar TAR_ENTRY_ERROR ENOENT: no such file or directory, lstat 'C:\Users\USA\Documents\QueenPamela\Open-Audit\node_modules\@babel\runtime-corejs3\helpers'
npm warn tar TAR_ENTRY_ERROR ENOENT: no such file or directory, lstat 'C:\Users\USA\Documents\QueenPamela\Open-Audit\node_modules\prismjs\components'
npm warn tar TAR_ENTRY_ERROR ENOENT: no such file or directory, lstat 'C:\Users\USA\Documents\QueenPamela\Open-Audit\node_modules\@babel\runtime-corejs3\helpers'
npm warn tar TAR_ENTRY_ERROR ENOENT: no such file or directory, lstat 'C:\Users\USA\Documents\QueenPamela\Open-Audit\node_modules\prismjs\components'
npm warn tar TAR_ENTRY_ERROR ENOENT: no such file or directory, lstat 'C:\Users\USA\Documents\QueenPamela\Open-Audit\node_modules\@babel\runtime-corejs3\helpers'
npm warn tar TAR_ENTRY_ERROR ENOENT: no such file or directory, lstat 'C:\Users\USA\Documents\QueenPamela\Open-Audit\node_modules\prismjs\components'
npm warn tar TAR_ENTRY_ERROR ENOENT: no such file or directory, lstat 'C:\Users\USA\Documents\QueenPamela\Open-Audit\node_modules\@babel\runtime-corejs3\helpers'
npm warn tar TAR_ENTRY_ERROR ENOENT: no such file or directory, lstat 'C:\Users\USA\Documents\QueenPamela\Open-Audit\node_modules\prismjs\plugins'
npm warn tar TAR_ENTRY_ERROR ENOENT: no such file or directory, lstat 'C:\Users\USA\Documents\QueenPamela\Open-Audit\node_modules\@babel\runtime-corejs3\helpers'
npm warn tar TAR_ENTRY_ERROR ENOENT: no such file or directory, lstat 'C:\Users\USA\Documents\QueenPamela\Open-Audit\node_modules\prismjs\plugins'
npm warn tar TAR_ENTRY_ERROR ENOENT: no such file or directory, lstat 'C:\Users\USA\Documents\QueenPamela\Open-Audit\node_modules\@babel\runtime-corejs3\helpers'
npm warn tar TAR_ENTRY_ERROR ENOENT: no such file or directory, lstat 'C:\Users\USA\Documents\QueenPamela\Open-Audit\node_modules\prismjs\components'
npm warn tar TAR_ENTRY_ERROR ENOENT: no such file or directory, lstat 'C:\Users\USA\Documents\QueenPamela\Open-Audit\node_modules\@babel\runtime-corejs3\helpers'
npm warn tar TAR_ENTRY_ERROR ENOENT: no such file or directory, lstat 'C:\Users\USA\Documents\QueenPamela\Open-Audit\node_modules\prismjs\components'
npm warn tar TAR_ENTRY_ERROR ENOENT: no such file or directory, lstat 'C:\Users\USA\Documents\QueenPamela\Open-Audit\node_modules\@babel\runtime-corejs3\helpers'
npm warn tar TAR_ENTRY_ERROR ENOENT: no such file or directory, lstat 'C:\Users\USA\Documents\QueenPamela\Open-Audit\node_modules\prismjs\components'
npm warn tar TAR_ENTRY_ERROR ENOENT: no such file or directory, lstat 'C:\Users\USA\Documents\QueenPamela\Open-Audit\node_modules\@babel\runtime-corejs3\helpers'
npm warn tar TAR_ENTRY_ERROR ENOENT: no such file or directory, lstat 'C:\Users\USA\Documents\QueenPamela\Open-Audit\node_modules\prismjs\components'
npm warn tar TAR_ENTRY_ERROR ENOENT: no such file or directory, lstat 'C:\Users\USA\Documents\QueenPamela\Open-Audit\node_modules\@babel\runtime-corejs3\helpers'
npm warn tar TAR_ENTRY_ERROR ENOENT: no such file or directory, lstat 'C:\Users\USA\Documents\QueenPamela\Open-Audit\node_modules\prismjs\components'
npm warn tar TAR_ENTRY_ERROR ENOENT: no such file or directory, lstat 'C:\Users\USA\Documents\QueenPamela\Open-Audit\node_modules\@babel\runtime-corejs3\helpers'
npm warn tar TAR_ENTRY_ERROR ENOENT: no such file or directory, lstat 'C:\Users\USA\Documents\QueenPamela\Open-Audit\node_modules\prismjs\components'
npm warn tar TAR_ENTRY_ERROR ENOENT: no such file or directory, lstat 'C:\Users\USA\Documents\QueenPamela\Open-Audit\node_modules\@babel\runtime-corejs3\helpers'
npm warn tar TAR_ENTRY_ERROR ENOENT: no such file or directory, lstat 'C:\Users\USA\Documents\QueenPamela\Open-Audit\node_modules\prismjs\components'
npm warn tar TAR_ENTRY_ERROR ENOENT: no such file or directory, lstat 'C:\Users\USA\Documents\QueenPamela\Open-Audit\node_modules\@babel\runtime-corejs3\helpers'
npm warn tar TAR_ENTRY_ERROR ENOENT: no such file or directory, lstat 'C:\Users\USA\Documents\QueenPamela\Open-Audit\node_modules\prismjs\components'
npm warn tar TAR_ENTRY_ERROR ENOENT: no such file or directory, lstat 'C:\Users\USA\Documents\QueenPamela\Open-Audit\node_modules\@babel\runtime-corejs3\helpers'
npm warn tar TAR_ENTRY_ERROR ENOENT: no such file or directory, lstat 'C:\Users\USA\Documents\QueenPamela\Open-Audit\node_modules\prismjs\components'
npm warn tar TAR_ENTRY_ERROR ENOENT: no such file or directory, lstat 'C:\Users\USA\Documents\QueenPamela\Open-Audit\node_modules\@babel\runtime-corejs3\helpers'
npm warn tar TAR_ENTRY_ERROR ENOENT: no such file or directory, lstat 'C:\Users\USA\Documents\QueenPamela\Open-Audit\node_modules\prismjs\components'
npm warn tar TAR_ENTRY_ERROR ENOENT: no such file or directory, lstat 'C:\Users\USA\Documents\QueenPamela\Open-Audit\node_modules\@babel\runtime-corejs3\helpers'
npm warn tar TAR_ENTRY_ERROR ENOENT: no such file or directory, lstat 'C:\Users\USA\Documents\QueenPamela\Open-Audit\node_modules\prismjs\components'
npm warn tar TAR_ENTRY_ERROR ENOENT: no such file or directory, lstat 'C:\Users\USA\Documents\QueenPamela\Open-Audit\node_modules\@babel\runtime-corejs3\helpers'
npm warn tar TAR_ENTRY_ERROR ENOENT: no such file or directory, lstat 'C:\Users\USA\Documents\QueenPamela\Open-Audit\node_modules\prismjs\components'
npm warn tar TAR_ENTRY_ERROR ENOENT: no such file or directory, lstat 'C:\Users\USA\Documents\QueenPamela\Open-Audit\node_modules\@babel\runtime-corejs3\helpers'
npm warn tar TAR_ENTRY_ERROR ENOENT: no such file or directory, lstat 'C:\Users\USA\Documents\QueenPamela\Open-Audit\node_modules\prismjs\components'
npm warn tar TAR_ENTRY_ERROR ENOENT: no such file or directory, lstat 'C:\Users\USA\Documents\QueenPamela\Open-Audit\node_modules\@babel\runtime-corejs3\helpers'
npm warn tar TAR_ENTRY_ERROR ENOENT: no such file or directory, lstat 'C:\Users\USA\Documents\QueenPamela\Open-Audit\node_modules\prismjs\components'
npm warn tar TAR_ENTRY_ERROR ENOENT: no such file or directory, lstat 'C:\Users\USA\Documents\QueenPamela\Open-Audit\node_modules\@babel\runtime-corejs3\helpers'
npm warn tar TAR_ENTRY_ERROR ENOENT: no such file or directory, lstat 'C:\Users\USA\Documents\QueenPamela\Open-Audit\node_modules\prismjs\components'
npm warn tar TAR_ENTRY_ERROR ENOENT: no such file or directory, lstat 'C:\Users\USA\Documents\QueenPamela\Open-Audit\node_modules\@babel\runtime-corejs3\helpers'
npm warn tar TAR_ENTRY_ERROR ENOENT: no such file or directory, lstat 'C:\Users\USA\Documents\QueenPamela\Open-Audit\node_modules\prismjs\components'
npm warn tar TAR_ENTRY_ERROR ENOENT: no such file or directory, lstat 'C:\Users\USA\Documents\QueenPamela\Open-Audit\node_modules\@babel\runtime-corejs3\helpers'
npm warn tar TAR_ENTRY_ERROR ENOENT: no such file or directory, lstat 'C:\Users\USA\Documents\QueenPamela\Open-Audit\node_modules\prismjs\components'
npm warn tar TAR_ENTRY_ERROR ENOENT: no such file or directory, lstat 'C:\Users\USA\Documents\QueenPamela\Open-Audit\node_modules\@babel\runtime-corejs3\helpers'
npm warn tar TAR_ENTRY_ERROR ENOENT: no such file or directory, lstat 'C:\Users\USA\Documents\QueenPamela\Open-Audit\node_modules\prismjs\components'
npm warn tar TAR_ENTRY_ERROR ENOENT: no such file or directory, lstat 'C:\Users\USA\Documents\QueenPamela\Open-Audit\node_modules\@babel\runtime-corejs3\helpers'
npm warn tar TAR_ENTRY_ERROR ENOENT: no such file or directory, lstat 'C:\Users\USA\Documents\QueenPamela\Open-Audit\node_modules\prismjs\components'
npm warn tar TAR_ENTRY_ERROR ENOENT: no such file or directory, lstat 'C:\Users\USA\Documents\QueenPamela\Open-Audit\node_modules\@babel\runtime-corejs3\helpers'
npm warn tar TAR_ENTRY_ERROR ENOENT: no such file or directory, lstat 'C:\Users\USA\Documents\QueenPamela\Open-Audit\node_modules\prismjs\components'
npm warn tar TAR_ENTRY_ERROR ENOENT: no such file or directory, lstat 'C:\Users\USA\Documents\QueenPamela\Open-Audit\node_modules\@babel\runtime-corejs3\helpers'
npm warn tar TAR_ENTRY_ERROR ENOENT: no such file or directory, lstat 'C:\Users\USA\Documents\QueenPamela\Open-Audit\node_modules\prismjs\components'
npm warn tar TAR_ENTRY_ERROR ENOENT: no such file or directory, lstat 'C:\Users\USA\Documents\QueenPamela\Open-Audit\node_modules\@babel\runtime-corejs3\helpers'
npm warn tar TAR_ENTRY_ERROR ENOENT: no such file or directory, lstat 'C:\Users\USA\Documents\QueenPamela\Open-Audit\node_modules\prismjs\components'
npm warn tar TAR_ENTRY_ERROR ENOENT: no such file or directory, lstat 'C:\Users\USA\Documents\QueenPamela\Open-Audit\node_modules\@babel\runtime-corejs3\helpers'
npm warn tar TAR_ENTRY_ERROR ENOENT: no such file or directory, lstat 'C:\Users\USA\Documents\QueenPamela\Open-Audit\node_modules\prismjs\components'
npm warn tar TAR_ENTRY_ERROR ENOENT: no such file or directory, lstat 'C:\Users\USA\Documents\QueenPamela\Open-Audit\node_modules\@babel\runtime-corejs3\helpers'
npm warn tar TAR_ENTRY_ERROR ENOENT: no such file or directory, lstat 'C:\Users\USA\Documents\QueenPamela\Open-Audit\node_modules\prismjs\components'
npm warn tar TAR_ENTRY_ERROR ENOENT: no such file or directory, lstat 'C:\Users\USA\Documents\QueenPamela\Open-Audit\node_modules\@babel\runtime-corejs3\helpers'
npm warn tar TAR_ENTRY_ERROR ENOENT: no such file or directory, lstat 'C:\Users\USA\Documents\QueenPamela\Open-Audit\node_modules\prismjs\components'
npm warn tar TAR_ENTRY_ERROR ENOENT: no such file or directory, lstat 'C:\Users\USA\Documents\QueenPamela\Open-Audit\node_modules\@babel\runtime-corejs3\helpers'
npm warn tar TAR_ENTRY_ERROR ENOENT: no such file or directory, lstat 'C:\Users\USA\Documents\QueenPamela\Open-Audit\node_modules\prismjs\components'
npm warn tar TAR_ENTRY_ERROR ENOENT: no such file or directory, lstat 'C:\Users\USA\Documents\QueenPamela\Open-Audit\node_modules\@babel\runtime-corejs3\helpers'
npm warn tar TAR_ENTRY_ERROR ENOENT: no such file or directory, lstat 'C:\Users\USA\Documents\QueenPamela\Open-Audit\node_modules\prismjs\components'
npm warn tar TAR_ENTRY_ERROR ENOENT: no such file or directory, lstat 'C:\Users\USA\Documents\QueenPamela\Open-Audit\node_modules\@babel\runtime-corejs3\helpers'
npm warn tar TAR_ENTRY_ERROR ENOENT: no such file or directory, lstat 'C:\Users\USA\Documents\QueenPamela\Open-Audit\node_modules\prismjs\components'
npm warn tar TAR_ENTRY_ERROR ENOENT: no such file or directory, lstat 'C:\Users\USA\Documents\QueenPamela\Open-Audit\node_modules\@babel\runtime-corejs3\helpers'
npm warn tar TAR_ENTRY_ERROR ENOENT: no such file or directory, lstat 'C:\Users\USA\Documents\QueenPamela\Open-Audit\node_modules\prismjs\components'
npm warn tar TAR_ENTRY_ERROR ENOENT: no such file or directory, lstat 'C:\Users\USA\Documents\QueenPamela\Open-Audit\node_modules\@babel\runtime-corejs3\helpers'
npm warn tar TAR_ENTRY_ERROR ENOENT: no such file or directory, lstat 'C:\Users\USA\Documents\QueenPamela\Open-Audit\node_modules\prismjs\components'
npm warn tar TAR_ENTRY_ERROR ENOENT: no such file or directory, lstat 'C:\Users\USA\Documents\QueenPamela\Open-Audit\node_modules\@babel\runtime-corejs3\helpers'
npm warn tar TAR_ENTRY_ERROR ENOENT: no such file or directory, lstat 'C:\Users\USA\Documents\QueenPamela\Open-Audit\node_modules\prismjs\components'
npm warn tar TAR_ENTRY_ERROR ENOENT: no such file or directory, lstat 'C:\Users\USA\Documents\QueenPamela\Open-Audit\node_modules\@babel\runtime-corejs3\helpers'
npm warn tar TAR_ENTRY_ERROR ENOENT: no such file or directory, lstat 'C:\Users\USA\Documents\QueenPamela\Open-Audit\node_modules\prismjs\components'
npm warn tar TAR_ENTRY_ERROR ENOENT: no such file or directory, lstat 'C:\Users\USA\Documents\QueenPamela\Open-Audit\node_modules\@babel\runtime-corejs3\helpers'
npm warn tar TAR_ENTRY_ERROR ENOENT: no such file or directory, lstat 'C:\Users\USA\Documents\QueenPamela\Open-Audit\node_modules\prismjs\components'
npm warn tar TAR_ENTRY_ERROR ENOENT: no such file or directory, lstat 'C:\Users\USA\Documents\QueenPamela\Open-Audit\node_modules\@babel\runtime-corejs3\helpers'
npm warn tar TAR_ENTRY_ERROR ENOENT: no such file or directory, lstat 'C:\Users\USA\Documents\QueenPamela\Open-Audit\node_modules\prismjs\components'
npm warn tar TAR_ENTRY_ERROR ENOENT: no such file or directory, lstat 'C:\Users\USA\Documents\QueenPamela\Open-Audit\node_modules\@babel\runtime-corejs3\helpers'
npm warn tar TAR_ENTRY_ERROR ENOENT: no such file or directory, lstat 'C:\Users\USA\Documents\QueenPamela\Open-Audit\node_modules\prismjs\components'
npm warn tar TAR_ENTRY_ERROR ENOENT: no such file or directory, lstat 'C:\Users\USA\Documents\QueenPamela\Open-Audit\node_modules\@babel\runtime-corejs3\helpers'
npm warn tar TAR_ENTRY_ERROR ENOENT: no such file or directory, lstat 'C:\Users\USA\Documents\QueenPamela\Open-Audit\node_modules\prismjs\components'
npm warn tar TAR_ENTRY_ERROR ENOENT: no such file or directory, lstat 'C:\Users\USA\Documents\QueenPamela\Open-Audit\node_modules\@babel\runtime-corejs3\helpers'
npm warn tar TAR_ENTRY_ERROR ENOENT: no such file or directory, lstat 'C:\Users\USA\Documents\QueenPamela\Open-Audit\node_modules\prismjs\components'
npm warn tar TAR_ENTRY_ERROR ENOENT: no such file or directory, lstat 'C:\Users\USA\Documents\QueenPamela\Open-Audit\node_modules\@babel\runtime-corejs3\helpers'
npm warn tar TAR_ENTRY_ERROR ENOENT: no such file or directory, lstat 'C:\Users\USA\Documents\QueenPamela\Open-Audit\node_modules\prismjs\components'
npm warn tar TAR_ENTRY_ERROR ENOENT: no such file or directory, lstat 'C:\Users\USA\Documents\QueenPamela\Open-Audit\node_modules\@babel\runtime-corejs3\helpers'
npm warn tar TAR_ENTRY_ERROR ENOENT: no such file or directory, lstat 'C:\Users\USA\Documents\QueenPamela\Open-Audit\node_modules\prismjs\components'
npm warn tar TAR_ENTRY_ERROR ENOENT: no such file or directory, lstat 'C:\Users\USA\Documents\QueenPamela\Open-Audit\node_modules\@babel\runtime-corejs3\helpers'
npm warn tar TAR_ENTRY_ERROR ENOENT: no such file or directory, lstat 'C:\Users\USA\Documents\QueenPamela\Open-Audit\node_modules\prismjs\components'
npm warn tar TAR_ENTRY_ERROR ENOENT: no such file or directory, lstat 'C:\Users\USA\Documents\QueenPamela\Open-Audit\node_modules\@babel\runtime-corejs3\helpers'
npm warn tar TAR_ENTRY_ERROR ENOENT: no such file or directory, lstat 'C:\Users\USA\Documents\QueenPamela\Open-Audit\node_modules\prismjs\components'
npm warn tar TAR_ENTRY_ERROR ENOENT: no such file or directory, lstat 'C:\Users\USA\Documents\QueenPamela\Open-Audit\node_modules\@babel\runtime-corejs3\helpers'
npm warn tar TAR_ENTRY_ERROR ENOENT: no such file or directory, lstat 'C:\Users\USA\Documents\QueenPamela\Open-Audit\node_modules\prismjs\components'
npm warn tar TAR_ENTRY_ERROR ENOENT: no such file or directory, lstat 'C:\Users\USA\Documents\QueenPamela\Open-Audit\node_modules\@babel\runtime-corejs3\helpers'
npm warn tar TAR_ENTRY_ERROR ENOENT: no such file or directory, lstat 'C:\Users\USA\Documents\QueenPamela\Open-Audit\node_modules\prismjs\plugins'
npm warn tar TAR_ENTRY_ERROR ENOENT: no such file or directory, lstat 'C:\Users\USA\Documents\QueenPamela\Open-Audit\node_modules\@babel\runtime-corejs3\helpers'
npm warn tar TAR_ENTRY_ERROR ENOENT: no such file or directory, lstat 'C:\Users\USA\Documents\QueenPamela\Open-Audit\node_modules\prismjs\plugins'
npm warn tar TAR_ENTRY_ERROR ENOENT: no such file or directory, lstat 'C:\Users\USA\Documents\QueenPamela\Open-Audit\node_modules\@babel\runtime-corejs3\helpers'
npm warn tar TAR_ENTRY_ERROR ENOENT: no such file or directory, lstat 'C:\Users\USA\Documents\QueenPamela\Open-Audit\node_modules\prismjs\components'
npm warn tar TAR_ENTRY_ERROR ENOENT: no such file or directory, lstat 'C:\Users\USA\Documents\QueenPamela\Open-Audit\node_modules\@babel\runtime-corejs3\helpers'
npm warn tar TAR_ENTRY_ERROR ENOENT: no such file or directory, lstat 'C:\Users\USA\Documents\QueenPamela\Open-Audit\node_modules\prismjs\components'
npm warn tar TAR_ENTRY_ERROR ENOENT: no such file or directory, lstat 'C:\Users\USA\Documents\QueenPamela\Open-Audit\node_modules\@babel\runtime-corejs3\helpers'
npm warn tar TAR_ENTRY_ERROR ENOENT: no such file or directory, lstat 'C:\Users\USA\Documents\QueenPamela\Open-Audit\node_modules\prismjs\components'
npm warn tar TAR_ENTRY_ERROR ENOENT: no such file or directory, lstat 'C:\Users\USA\Documents\QueenPamela\Open-Audit\node_modules\@babel\runtime-corejs3\helpers'
npm warn tar TAR_ENTRY_ERROR ENOENT: no such file or directory, lstat 'C:\Users\USA\Documents\QueenPamela\Open-Audit\node_modules\prismjs\components'
npm warn tar TAR_ENTRY_ERROR ENOENT: no such file or directory, lstat 'C:\Users\USA\Documents\QueenPamela\Open-Audit\node_modules\@babel\runtime-corejs3\helpers'
npm warn tar TAR_ENTRY_ERROR ENOENT: no such file or directory, lstat 'C:\Users\USA\Documents\QueenPamela\Open-Audit\node_modules\prismjs\components'
npm warn tar TAR_ENTRY_ERROR ENOENT: no such file or directory, lstat 'C:\Users\USA\Documents\QueenPamela\Open-Audit\node_modules\@babel\runtime-corejs3\helpers'
npm warn tar TAR_ENTRY_ERROR ENOENT: no such file or directory, lstat 'C:\Users\USA\Documents\QueenPamela\Open-Audit\node_modules\prismjs\components'
npm warn tar TAR_ENTRY_ERROR ENOENT: no such file or directory, lstat 'C:\Users\USA\Documents\QueenPamela\Open-Audit\node_modules\@babel\runtime-corejs3\helpers'
npm warn tar TAR_ENTRY_ERROR ENOENT: no such file or directory, lstat 'C:\Users\USA\Documents\QueenPamela\Open-Audit\node_modules\prismjs\components'
npm warn tar TAR_ENTRY_ERROR ENOENT: no such file or directory, lstat 'C:\Users\USA\Documents\QueenPamela\Open-Audit\node_modules\@babel\runtime-corejs3\helpers'
npm warn tar TAR_ENTRY_ERROR ENOENT: no such file or directory, lstat 'C:\Users\USA\Documents\QueenPamela\Open-Audit\node_modules\prismjs\components'
npm warn tar TAR_ENTRY_ERROR ENOENT: no such file or directory, lstat 'C:\Users\USA\Documents\QueenPamela\Open-Audit\node_modules\@babel\runtime-corejs3\helpers'
npm warn tar TAR_ENTRY_ERROR ENOENT: no such file or directory, lstat 'C:\Users\USA\Documents\QueenPamela\Open-Audit\node_modules\prismjs\components'
npm warn tar TAR_ENTRY_ERROR ENOENT: no such file or directory, lstat 'C:\Users\USA\Documents\QueenPamela\Open-Audit\node_modules\@babel\runtime-corejs3\helpers'
npm warn tar TAR_ENTRY_ERROR ENOENT: no such file or directory, lstat 'C:\Users\USA\Documents\QueenPamela\Open-Audit\node_modules\prismjs\components'
npm warn tar TAR_ENTRY_ERROR ENOENT: no such file or directory, lstat 'C:\Users\USA\Documents\QueenPamela\Open-Audit\node_modules\@babel\runtime-corejs3\helpers'
npm warn tar TAR_ENTRY_ERROR ENOENT: no such file or directory, lstat 'C:\Users\USA\Documents\QueenPamela\Open-Audit\node_modules\prismjs\components'
npm warn tar TAR_ENTRY_ERROR ENOENT: no such file or directory, lstat 'C:\Users\USA\Documents\QueenPamela\Open-Audit\node_modules\@babel\runtime-corejs3\helpers'
npm warn tar TAR_ENTRY_ERROR ENOENT: no such file or directory, lstat 'C:\Users\USA\Documents\QueenPamela\Open-Audit\node_modules\prismjs\components'
npm warn tar TAR_ENTRY_ERROR ENOENT: no such file or directory, open 'C:\Users\USA\Documents\QueenPamela\Open-Audit\node_modules\@babel\runtime-corejs3\package.json'
npm warn tar TAR_ENTRY_ERROR ENOENT: no such file or directory, lstat 'C:\Users\USA\Documents\QueenPamela\Open-Audit\node_modules\prismjs\components'
npm warn tar TAR_ENTRY_ERROR ENOENT: no such file or directory, lstat 'C:\Users\USA\Documents\QueenPamela\Open-Audit\node_modules\@babel\runtime-corejs3\regenerator'
npm warn tar TAR_ENTRY_ERROR ENOENT: no such file or directory, lstat 'C:\Users\USA\Documents\QueenPamela\Open-Audit\node_modules\prismjs\components'
npm warn tar TAR_ENTRY_ERROR ENOENT: no such file or directory, lstat 'C:\Users\USA\Documents\QueenPamela\Open-Audit\node_modules\prismjs\components'
npm warn tar TAR_ENTRY_ERROR ENOENT: no such file or directory, lstat 'C:\Users\USA\Documents\QueenPamela\Open-Audit\node_modules\prismjs\components'
npm warn tar TAR_ENTRY_ERROR ENOENT: no such file or directory, lstat 'C:\Users\USA\Documents\QueenPamela\Open-Audit\node_modules\prismjs\components'
npm warn tar TAR_ENTRY_ERROR ENOENT: no such file or directory, lstat 'C:\Users\USA\Documents\QueenPamela\Open-Audit\node_modules\prismjs\components'
npm warn tar TAR_ENTRY_ERROR ENOENT: no such file or directory, lstat 'C:\Users\USA\Documents\QueenPamela\Open-Audit\node_modules\prismjs\components'
npm warn tar TAR_ENTRY_ERROR ENOENT: no such file or directory, lstat 'C:\Users\USA\Documents\QueenPamela\Open-Audit\node_modules\prismjs\components'
npm warn tar TAR_ENTRY_ERROR ENOENT: no such file or directory, lstat 'C:\Users\USA\Documents\QueenPamela\Open-Audit\node_modules\prismjs\components'
npm warn tar TAR_ENTRY_ERROR ENOENT: no such file or directory, lstat 'C:\Users\USA\Documents\QueenPamela\Open-Audit\node_modules\prismjs\components'
npm warn tar TAR_ENTRY_ERROR ENOENT: no such file or directory, lstat 'C:\Users\USA\Documents\QueenPamela\Open-Audit\node_modules\prismjs\components'
npm warn tar TAR_ENTRY_ERROR ENOENT: no such file or directory, lstat 'C:\Users\USA\Documents\QueenPamela\Open-Audit\node_modules\prismjs\components'
npm warn tar TAR_ENTRY_ERROR ENOENT: no such file or directory, lstat 'C:\Users\USA\Documents\QueenPamela\Open-Audit\node_modules\prismjs\components'
npm warn tar TAR_ENTRY_ERROR ENOENT: no such file or directory, lstat 'C:\Users\USA\Documents\QueenPamela\Open-Audit\node_modules\prismjs\components'
npm warn tar TAR_ENTRY_ERROR ENOENT: no such file or directory, lstat 'C:\Users\USA\Documents\QueenPamela\Open-Audit\node_modules\prismjs\components'
npm warn tar TAR_ENTRY_ERROR ENOENT: no such file or directory, lstat 'C:\Users\USA\Documents\QueenPamela\Open-Audit\node_modules\prismjs\components'
npm warn tar TAR_ENTRY_ERROR ENOENT: no such file or directory, lstat 'C:\Users\USA\Documents\QueenPamela\Open-Audit\node_modules\prismjs\plugins'
npm warn tar TAR_ENTRY_ERROR ENOENT: no such file or directory, lstat 'C:\Users\USA\Documents\QueenPamela\Open-Audit\node_modules\prismjs\plugins'
npm warn tar TAR_ENTRY_ERROR ENOENT: no such file or directory, lstat 'C:\Users\USA\Documents\QueenPamela\Open-Audit\node_modules\prismjs\plugins'
npm warn tar TAR_ENTRY_ERROR ENOENT: no such file or directory, lstat 'C:\Users\USA\Documents\QueenPamela\Open-Audit\node_modules\prismjs\plugins'
npm warn tar TAR_ENTRY_ERROR ENOENT: no such file or directory, lstat 'C:\Users\USA\Documents\QueenPamela\Open-Audit\node_modules\prismjs\components'
npm warn tar TAR_ENTRY_ERROR ENOENT: no such file or directory, lstat 'C:\Users\USA\Documents\QueenPamela\Open-Audit\node_modules\prismjs\components'
npm warn tar TAR_ENTRY_ERROR ENOENT: no such file or directory, lstat 'C:\Users\USA\Documents\QueenPamela\Open-Audit\node_modules\prismjs\components'
npm warn tar TAR_ENTRY_ERROR ENOENT: no such file or directory, lstat 'C:\Users\USA\Documents\QueenPamela\Open-Audit\node_modules\prismjs\components'
npm warn tar TAR_ENTRY_ERROR ENOENT: no such file or directory, lstat 'C:\Users\USA\Documents\QueenPamela\Open-Audit\node_modules\prismjs\components'
npm warn tar TAR_ENTRY_ERROR ENOENT: no such file or directory, lstat 'C:\Users\USA\Documents\QueenPamela\Open-Audit\node_modules\prismjs\components'
npm warn tar TAR_ENTRY_ERROR ENOENT: no such file or directory, lstat 'C:\Users\USA\Documents\QueenPamela\Open-Audit\node_modules\prismjs\components'
npm warn tar TAR_ENTRY_ERROR ENOENT: no such file or directory, lstat 'C:\Users\USA\Documents\QueenPamela\Open-Audit\node_modules\prismjs\components'
npm warn tar TAR_ENTRY_ERROR ENOENT: no such file or directory, lstat 'C:\Users\USA\Documents\QueenPamela\Open-Audit\node_modules\prismjs\components'
npm warn tar TAR_ENTRY_ERROR ENOENT: no such file or directory, lstat 'C:\Users\USA\Documents\QueenPamela\Open-Audit\node_modules\prismjs\components'
npm warn tar TAR_ENTRY_ERROR ENOENT: no such file or directory, lstat 'C:\Users\USA\Documents\QueenPamela\Open-Audit\node_modules\prismjs\components'
npm warn tar TAR_ENTRY_ERROR ENOENT: no such file or directory, lstat 'C:\Users\USA\Documents\QueenPamela\Open-Audit\node_modules\prismjs\components'
npm warn tar TAR_ENTRY_ERROR ENOENT: no such file or directory, lstat 'C:\Users\USA\Documents\QueenPamela\Open-Audit\node_modules\prismjs\components'
npm warn tar TAR_ENTRY_ERROR ENOENT: no such file or directory, lstat 'C:\Users\USA\Documents\QueenPamela\Open-Audit\node_modules\prismjs\components'
npm warn tar TAR_ENTRY_ERROR ENOENT: no such file or directory, lstat 'C:\Users\USA\Documents\QueenPamela\Open-Audit\node_modules\prismjs\components'
npm warn tar TAR_ENTRY_ERROR ENOENT: no such file or directory, lstat 'C:\Users\USA\Documents\QueenPamela\Open-Audit\node_modules\prismjs\components'
npm warn tar TAR_ENTRY_ERROR ENOENT: no such file or directory, lstat 'C:\Users\USA\Documents\QueenPamela\Open-Audit\node_modules\prismjs\components'
npm warn tar TAR_ENTRY_ERROR ENOENT: no such file or directory, lstat 'C:\Users\USA\Documents\QueenPamela\Open-Audit\node_modules\prismjs\components'
npm warn tar TAR_ENTRY_ERROR ENOENT: no such file or directory, lstat 'C:\Users\USA\Documents\QueenPamela\Open-Audit\node_modules\prismjs\components'
npm warn tar TAR_ENTRY_ERROR ENOENT: no such file or directory, lstat 'C:\Users\USA\Documents\QueenPamela\Open-Audit\node_modules\prismjs\components'
npm warn tar TAR_ENTRY_ERROR ENOENT: no such file or directory, lstat 'C:\Users\USA\Documents\QueenPamela\Open-Audit\node_modules\prismjs\components'
npm warn tar TAR_ENTRY_ERROR ENOENT: no such file or directory, lstat 'C:\Users\USA\Documents\QueenPamela\Open-Audit\node_modules\prismjs\components'
npm warn tar TAR_ENTRY_ERROR ENOENT: no such file or directory, lstat 'C:\Users\USA\Documents\QueenPamela\Open-Audit\node_modules\prismjs\components'
npm warn tar TAR_ENTRY_ERROR ENOENT: no such file or directory, lstat 'C:\Users\USA\Documents\QueenPamela\Open-Audit\node_modules\prismjs\components'
npm warn tar TAR_ENTRY_ERROR ENOENT: no such file or directory, lstat 'C:\Users\USA\Documents\QueenPamela\Open-Audit\node_modules\prismjs\components'
npm warn tar TAR_ENTRY_ERROR ENOENT: no such file or directory, lstat 'C:\Users\USA\Documents\QueenPamela\Open-Audit\node_modules\prismjs\components'
npm warn tar TAR_ENTRY_ERROR ENOENT: no such file or directory, lstat 'C:\Users\USA\Documents\QueenPamela\Open-Audit\node_modules\prismjs\components'
npm warn tar TAR_ENTRY_ERROR ENOENT: no such file or directory, lstat 'C:\Users\USA\Documents\QueenPamela\Open-Audit\node_modules\prismjs\components'
npm warn tar TAR_ENTRY_ERROR ENOENT: no such file or directory, lstat 'C:\Users\USA\Documents\QueenPamela\Open-Audit\node_modules\prismjs\components'
npm warn tar TAR_ENTRY_ERROR ENOENT: no such file or directory, lstat 'C:\Users\USA\Documents\QueenPamela\Open-Audit\node_modules\prismjs\components'
npm warn tar TAR_ENTRY_ERROR ENOENT: no such file or directory, lstat 'C:\Users\USA\Documents\QueenPamela\Open-Audit\node_modules\prismjs\components'
npm warn tar TAR_ENTRY_ERROR ENOENT: no such file or directory, lstat 'C:\Users\USA\Documents\QueenPamela\Open-Audit\node_modules\prismjs\components'
npm warn tar TAR_ENTRY_ERROR ENOENT: no such file or directory, lstat 'C:\Users\USA\Documents\QueenPamela\Open-Audit\node_modules\prismjs\components'
npm warn tar TAR_ENTRY_ERROR ENOENT: no such file or directory, lstat 'C:\Users\USA\Documents\QueenPamela\Open-Audit\node_modules\prismjs\components'
npm warn tar TAR_ENTRY_ERROR ENOENT: no such file or directory, lstat 'C:\Users\USA\Documents\QueenPamela\Open-Audit\node_modules\prismjs\components'
npm warn tar TAR_ENTRY_ERROR ENOENT: no such file or directory, lstat 'C:\Users\USA\Documents\QueenPamela\Open-Audit\node_modules\prismjs\components'
npm warn tar TAR_ENTRY_ERROR ENOENT: no such file or directory, lstat 'C:\Users\USA\Documents\QueenPamela\Open-Audit\node_modules\prismjs\components'
npm warn tar TAR_ENTRY_ERROR ENOENT: no such file or directory, lstat 'C:\Users\USA\Documents\QueenPamela\Open-Audit\node_modules\prismjs\components'
npm warn tar TAR_ENTRY_ERROR ENOENT: no such file or directory, lstat 'C:\Users\USA\Documents\QueenPamela\Open-Audit\node_modules\prismjs\components'
npm warn tar TAR_ENTRY_ERROR ENOENT: no such file or directory, lstat 'C:\Users\USA\Documents\QueenPamela\Open-Audit\node_modules\prismjs\components'
npm warn tar TAR_ENTRY_ERROR ENOENT: no such file or directory, lstat 'C:\Users\USA\Documents\QueenPamela\Open-Audit\node_modules\prismjs\components'
npm warn tar TAR_ENTRY_ERROR ENOENT: no such file or directory, lstat 'C:\Users\USA\Documents\QueenPamela\Open-Audit\node_modules\prismjs\components'
npm warn tar TAR_ENTRY_ERROR ENOENT: no such file or directory, lstat 'C:\Users\USA\Documents\QueenPamela\Open-Audit\node_modules\prismjs\components'
npm warn tar TAR_ENTRY_ERROR ENOENT: no such file or directory, lstat 'C:\Users\USA\Documents\QueenPamela\Open-Audit\node_modules\prismjs\components'
npm warn tar TAR_ENTRY_ERROR ENOENT: no such file or directory, lstat 'C:\Users\USA\Documents\QueenPamela\Open-Audit\node_modules\prismjs\components'
npm warn tar TAR_ENTRY_ERROR ENOENT: no such file or directory, lstat 'C:\Users\USA\Documents\QueenPamela\Open-Audit\node_modules\prismjs\components'
npm warn tar TAR_ENTRY_ERROR ENOENT: no such file or directory, lstat 'C:\Users\USA\Documents\QueenPamela\Open-Audit\node_modules\prismjs\components'
npm warn tar TAR_ENTRY_ERROR ENOENT: no such file or directory, lstat 'C:\Users\USA\Documents\QueenPamela\Open-Audit\node_modules\prismjs\components'
npm warn tar TAR_ENTRY_ERROR ENOENT: no such file or directory, lstat 'C:\Users\USA\Documents\QueenPamela\Open-Audit\node_modules\prismjs\components'
npm warn tar TAR_ENTRY_ERROR ENOENT: no such file or directory, lstat 'C:\Users\USA\Documents\QueenPamela\Open-Audit\node_modules\prismjs\components'
npm warn tar TAR_ENTRY_ERROR ENOENT: no such file or directory, lstat 'C:\Users\USA\Documents\QueenPamela\Open-Audit\node_modules\prismjs\plugins'
npm warn tar TAR_ENTRY_ERROR ENOENT: no such file or directory, lstat 'C:\Users\USA\Documents\QueenPamela\Open-Audit\node_modules\prismjs\plugins'
npm warn tar TAR_ENTRY_ERROR ENOENT: no such file or directory, lstat 'C:\Users\USA\Documents\QueenPamela\Open-Audit\node_modules\prismjs\plugins'
npm warn tar TAR_ENTRY_ERROR ENOENT: no such file or directory, lstat 'C:\Users\USA\Documents\QueenPamela\Open-Audit\node_modules\prismjs\plugins'
npm warn tar TAR_ENTRY_ERROR ENOENT: no such file or directory, lstat 'C:\Users\USA\Documents\QueenPamela\Open-Audit\node_modules\prismjs\components'
npm warn tar TAR_ENTRY_ERROR ENOENT: no such file or directory, lstat 'C:\Users\USA\Documents\QueenPamela\Open-Audit\node_modules\prismjs\components'
npm warn tar TAR_ENTRY_ERROR ENOENT: no such file or directory, lstat 'C:\Users\USA\Documents\QueenPamela\Open-Audit\node_modules\prismjs\components'
npm warn tar TAR_ENTRY_ERROR ENOENT: no such file or directory, lstat 'C:\Users\USA\Documents\QueenPamela\Open-Audit\node_modules\prismjs\components'
npm warn tar TAR_ENTRY_ERROR ENOENT: no such file or directory, lstat 'C:\Users\USA\Documents\QueenPamela\Open-Audit\node_modules\prismjs\components'
npm warn tar TAR_ENTRY_ERROR ENOENT: no such file or directory, lstat 'C:\Users\USA\Documents\QueenPamela\Open-Audit\node_modules\prismjs\components'
npm warn tar TAR_ENTRY_ERROR ENOENT: no such file or directory, lstat 'C:\Users\USA\Documents\QueenPamela\Open-Audit\node_modules\prismjs\components'
npm warn tar TAR_ENTRY_ERROR ENOENT: no such file or directory, lstat 'C:\Users\USA\Documents\QueenPamela\Open-Audit\node_modules\prismjs\components'
npm warn tar TAR_ENTRY_ERROR ENOENT: no such file or directory, lstat 'C:\Users\USA\Documents\QueenPamela\Open-Audit\node_modules\prismjs\components'
npm warn tar TAR_ENTRY_ERROR ENOENT: no such file or directory, lstat 'C:\Users\USA\Documents\QueenPamela\Open-Audit\node_modules\prismjs\components'
npm warn tar TAR_ENTRY_ERROR ENOENT: no such file or directory, lstat 'C:\Users\USA\Documents\QueenPamela\Open-Audit\node_modules\prismjs\components'
npm warn tar TAR_ENTRY_ERROR ENOENT: no such file or directory, lstat 'C:\Users\USA\Documents\QueenPamela\Open-Audit\node_modules\prismjs\components'
npm warn tar TAR_ENTRY_ERROR ENOENT: no such file or directory, lstat 'C:\Users\USA\Documents\QueenPamela\Open-Audit\node_modules\prismjs\components'
npm warn tar TAR_ENTRY_ERROR ENOENT: no such file or directory, lstat 'C:\Users\USA\Documents\QueenPamela\Open-Audit\node_modules\prismjs\components'
npm warn tar TAR_ENTRY_ERROR ENOENT: no such file or directory, lstat 'C:\Users\USA\Documents\QueenPamela\Open-Audit\node_modules\prismjs\plugins'
npm warn tar TAR_ENTRY_ERROR ENOENT: no such file or directory, lstat 'C:\Users\USA\Documents\QueenPamela\Open-Audit\node_modules\prismjs\plugins'
npm warn tar TAR_ENTRY_ERROR ENOENT: no such file or directory, lstat 'C:\Users\USA\Documents\QueenPamela\Open-Audit\node_modules\prismjs\components'
npm warn tar TAR_ENTRY_ERROR ENOENT: no such file or directory, lstat 'C:\Users\USA\Documents\QueenPamela\Open-Audit\node_modules\prismjs\components'
npm warn tar TAR_ENTRY_ERROR ENOENT: no such file or directory, lstat 'C:\Users\USA\Documents\QueenPamela\Open-Audit\node_modules\prismjs\components'
npm warn tar TAR_ENTRY_ERROR ENOENT: no such file or directory, lstat 'C:\Users\USA\Documents\QueenPamela\Open-Audit\node_modules\prismjs\components'
npm warn tar TAR_ENTRY_ERROR ENOENT: no such file or directory, lstat 'C:\Users\USA\Documents\QueenPamela\Open-Audit\node_modules\prismjs\components'
npm warn tar TAR_ENTRY_ERROR ENOENT: no such file or directory, lstat 'C:\Users\USA\Documents\QueenPamela\Open-Audit\node_modules\prismjs\components'
npm warn tar TAR_ENTRY_ERROR ENOENT: no such file or directory, lstat 'C:\Users\USA\Documents\QueenPamela\Open-Audit\node_modules\prismjs\components'
npm warn tar TAR_ENTRY_ERROR ENOENT: no such file or directory, lstat 'C:\Users\USA\Documents\QueenPamela\Open-Audit\node_modules\prismjs\components'
npm warn tar TAR_ENTRY_ERROR ENOENT: no such file or directory, lstat 'C:\Users\USA\Documents\QueenPamela\Open-Audit\node_modules\prismjs\components'
npm warn tar TAR_ENTRY_ERROR ENOENT: no such file or directory, lstat 'C:\Users\USA\Documents\QueenPamela\Open-Audit\node_modules\prismjs\components'
npm warn tar TAR_ENTRY_ERROR ENOENT: no such file or directory, lstat 'C:\Users\USA\Documents\QueenPamela\Open-Audit\node_modules\prismjs\components'
npm warn tar TAR_ENTRY_ERROR ENOENT: no such file or directory, lstat 'C:\Users\USA\Documents\QueenPamela\Open-Audit\node_modules\prismjs\components'
npm warn tar TAR_ENTRY_ERROR ENOENT: no such file or directory, lstat 'C:\Users\USA\Documents\QueenPamela\Open-Audit\node_modules\prismjs\components'
npm warn tar TAR_ENTRY_ERROR ENOENT: no such file or directory, lstat 'C:\Users\USA\Documents\QueenPamela\Open-Audit\node_modules\prismjs\components'
npm warn tar TAR_ENTRY_ERROR ENOENT: no such file or directory, lstat 'C:\Users\USA\Documents\QueenPamela\Open-Audit\node_modules\prismjs\components'
npm warn tar TAR_ENTRY_ERROR ENOENT: no such file or directory, lstat 'C:\Users\USA\Documents\QueenPamela\Open-Audit\node_modules\prismjs\components'
npm warn tar TAR_ENTRY_ERROR ENOENT: no such file or directory, lstat 'C:\Users\USA\Documents\QueenPamela\Open-Audit\node_modules\prismjs\components'
npm warn tar TAR_ENTRY_ERROR ENOENT: no such file or directory, lstat 'C:\Users\USA\Documents\QueenPamela\Open-Audit\node_modules\prismjs\components'
npm warn tar TAR_ENTRY_ERROR ENOENT: no such file or directory, lstat 'C:\Users\USA\Documents\QueenPamela\Open-Audit\node_modules\prismjs\components'
npm warn tar TAR_ENTRY_ERROR ENOENT: no such file or directory, lstat 'C:\Users\USA\Documents\QueenPamela\Open-Audit\node_modules\prismjs\components'
npm warn tar TAR_ENTRY_ERROR ENOENT: no such file or directory, lstat 'C:\Users\USA\Documents\QueenPamela\Open-Audit\node_modules\prismjs\components'
npm warn tar TAR_ENTRY_ERROR ENOENT: no such file or directory, lstat 'C:\Users\USA\Documents\QueenPamela\Open-Audit\node_modules\prismjs\components'
npm warn tar TAR_ENTRY_ERROR ENOENT: no such file or directory, lstat 'C:\Users\USA\Documents\QueenPamela\Open-Audit\node_modules\prismjs\components'
npm warn tar TAR_ENTRY_ERROR ENOENT: no such file or directory, lstat 'C:\Users\USA\Documents\QueenPamela\Open-Audit\node_modules\prismjs\components'
npm warn tar TAR_ENTRY_ERROR ENOENT: no such file or directory, lstat 'C:\Users\USA\Documents\QueenPamela\Open-Audit\node_modules\prismjs\components'
npm warn tar TAR_ENTRY_ERROR ENOENT: no such file or directory, lstat 'C:\Users\USA\Documents\QueenPamela\Open-Audit\node_modules\prismjs\components'
npm warn tar TAR_ENTRY_ERROR ENOENT: no such file or directory, lstat 'C:\Users\USA\Documents\QueenPamela\Open-Audit\node_modules\prismjs\components'
npm warn tar TAR_ENTRY_ERROR ENOENT: no such file or directory, lstat 'C:\Users\USA\Documents\QueenPamela\Open-Audit\node_modules\prismjs\components'
npm warn tar TAR_ENTRY_ERROR ENOENT: no such file or directory, lstat 'C:\Users\USA\Documents\QueenPamela\Open-Audit\node_modules\prismjs\components'
npm warn tar TAR_ENTRY_ERROR ENOENT: no such file or directory, lstat 'C:\Users\USA\Documents\QueenPamela\Open-Audit\node_modules\prismjs\components'
npm warn tar TAR_ENTRY_ERROR ENOENT: no such file or directory, lstat 'C:\Users\USA\Documents\QueenPamela\Open-Audit\node_modules\prismjs\components'
npm warn tar TAR_ENTRY_ERROR ENOENT: no such file or directory, lstat 'C:\Users\USA\Documents\QueenPamela\Open-Audit\node_modules\prismjs\components'
npm warn tar TAR_ENTRY_ERROR ENOENT: no such file or directory, lstat 'C:\Users\USA\Documents\QueenPamela\Open-Audit\node_modules\prismjs\components'
npm warn tar TAR_ENTRY_ERROR ENOENT: no such file or directory, lstat 'C:\Users\USA\Documents\QueenPamela\Open-Audit\node_modules\prismjs\components'
npm warn tar TAR_ENTRY_ERROR ENOENT: no such file or directory, lstat 'C:\Users\USA\Documents\QueenPamela\Open-Audit\node_modules\prismjs\plugins'
npm warn tar TAR_ENTRY_ERROR ENOENT: no such file or directory, lstat 'C:\Users\USA\Documents\QueenPamela\Open-Audit\node_modules\prismjs\plugins'
npm warn tar TAR_ENTRY_ERROR ENOENT: no such file or directory, lstat 'C:\Users\USA\Documents\QueenPamela\Open-Audit\node_modules\prismjs\components'
npm warn tar TAR_ENTRY_ERROR ENOENT: no such file or directory, lstat 'C:\Users\USA\Documents\QueenPamela\Open-Audit\node_modules\prismjs\components'
npm warn tar TAR_ENTRY_ERROR ENOENT: no such file or directory, lstat 'C:\Users\USA\Documents\QueenPamela\Open-Audit\node_modules\prismjs\components'
npm warn tar TAR_ENTRY_ERROR ENOENT: no such file or directory, lstat 'C:\Users\USA\Documents\QueenPamela\Open-Audit\node_modules\prismjs\components'
npm warn tar TAR_ENTRY_ERROR ENOENT: no such file or directory, lstat 'C:\Users\USA\Documents\QueenPamela\Open-Audit\node_modules\prismjs\components'
npm warn tar TAR_ENTRY_ERROR ENOENT: no such file or directory, lstat 'C:\Users\USA\Documents\QueenPamela\Open-Audit\node_modules\prismjs\components'
npm warn tar TAR_ENTRY_ERROR ENOENT: no such file or directory, lstat 'C:\Users\USA\Documents\QueenPamela\Open-Audit\node_modules\prismjs\components'
npm warn tar TAR_ENTRY_ERROR ENOENT: no such file or directory, lstat 'C:\Users\USA\Documents\QueenPamela\Open-Audit\node_modules\prismjs\components'
npm warn tar TAR_ENTRY_ERROR ENOENT: no such file or directory, lstat 'C:\Users\USA\Documents\QueenPamela\Open-Audit\node_modules\prismjs\components'
npm warn tar TAR_ENTRY_ERROR ENOENT: no such file or directory, lstat 'C:\Users\USA\Documents\QueenPamela\Open-Audit\node_modules\prismjs\components'
npm warn tar TAR_ENTRY_ERROR ENOENT: no such file or directory, lstat 'C:\Users\USA\Documents\QueenPamela\Open-Audit\node_modules\prismjs\components'
npm warn tar TAR_ENTRY_ERROR ENOENT: no such file or directory, lstat 'C:\Users\USA\Documents\QueenPamela\Open-Audit\node_modules\prismjs\components'
npm warn tar TAR_ENTRY_ERROR ENOENT: no such file or directory, lstat 'C:\Users\USA\Documents\QueenPamela\Open-Audit\node_modules\prismjs\components'
npm warn tar TAR_ENTRY_ERROR ENOENT: no such file or directory, lstat 'C:\Users\USA\Documents\QueenPamela\Open-Audit\node_modules\prismjs\components'
npm warn tar TAR_ENTRY_ERROR ENOENT: no such file or directory, lstat 'C:\Users\USA\Documents\QueenPamela\Open-Audit\node_modules\prismjs\components'
npm warn tar TAR_ENTRY_ERROR ENOENT: no such file or directory, lstat 'C:\Users\USA\Documents\QueenPamela\Open-Audit\node_modules\prismjs\components'
npm warn tar TAR_ENTRY_ERROR ENOENT: no such file or directory, open 'C:\Users\USA\Documents\QueenPamela\Open-Audit\node_modules\prismjs\prism.js'
npm warn tar TAR_ENTRY_ERROR ENOENT: no such file or directory, open 'C:\Users\USA\Documents\QueenPamela\Open-Audit\node_modules\prismjs\components.json'
npm warn tar TAR_ENTRY_ERROR ENOENT: no such file or directory, open 'C:\Users\USA\Documents\QueenPamela\Open-Audit\node_modules\prismjs\package.json'
npm warn tar TAR_ENTRY_ERROR ENOENT: no such file or directory, open 'C:\Users\USA\Documents\QueenPamela\Open-Audit\node_modules\prismjs\CHANGELOG.md'
npm warn tar TAR_ENTRY_ERROR ENOENT: no such file or directory, open 'C:\Users\USA\Documents\QueenPamela\Open-Audit\node_modules\prismjs\README.md'
npm warn tar TAR_ENTRY_ERROR ENOENT: no such file or directory, rename 'C:\Users\USA\Documents\QueenPamela\Open-Audit\node_modules\@grpc\grpc-js\src\control-plane-status.ts' -> 'C:\Users\USA\Documents\QueenPamela\Open-Audit\node_modules\@grpc\grpc-js\src\control-plane-status.ts.DELETE.6508bb8cfcb49ebca10ce75e38087282'
npm warn cleanup Failed to remove some directories [
npm warn cleanup   [
npm warn cleanup     'C:\\Users\\USA\\Documents\\QueenPamela\\Open-Audit\\node_modules\\rollup',
npm warn cleanup     [Error: ENOTEMPTY: directory not empty, rmdir 'C:\Users\USA\Documents\QueenPamela\Open-Audit\node_modules\rollup\dist'] {
npm warn cleanup       errno: -4051,
npm warn cleanup       code: 'ENOTEMPTY',
npm warn cleanup       syscall: 'rmdir',
npm warn cleanup       path: 'C:\\Users\\USA\\Documents\\QueenPamela\\Open-Audit\\node_modules\\rollup\\dist'
npm warn cleanup     }
npm warn cleanup   ],
npm warn cleanup   [
npm warn cleanup     'C:\\Users\\USA\\Documents\\QueenPamela\\Open-Audit\\node_modules\\tailwindcss',
npm warn cleanup     [Error: ENOTEMPTY: directory not empty, rmdir 'C:\Users\USA\Documents\QueenPamela\Open-Audit\node_modules\tailwindcss\lib'] {
npm warn cleanup       errno: -4051,
npm warn cleanup       code: 'ENOTEMPTY',
npm warn cleanup       syscall: 'rmdir',
npm warn cleanup       path: 'C:\\Users\\USA\\Documents\\QueenPamela\\Open-Audit\\node_modules\\tailwindcss\\lib'
npm warn cleanup     }
npm warn cleanup   ],
npm warn cleanup   [
npm warn cleanup     'C:\\Users\\USA\\Documents\\QueenPamela\\Open-Audit\\node_modules\\tsx',
npm warn cleanup     [Error: ENOTEMPTY: directory not empty, rmdir 'C:\Users\USA\Documents\QueenPamela\Open-Audit\node_modules\tsx\dist'] {
npm warn cleanup       errno: -4051,
npm warn cleanup       code: 'ENOTEMPTY',
npm warn cleanup       syscall: 'rmdir',
npm warn cleanup       path: 'C:\\Users\\USA\\Documents\\QueenPamela\\Open-Audit\\node_modules\\tsx\\dist'
npm warn cleanup     }
npm warn cleanup   ],
npm warn cleanup   [
npm warn cleanup     'C:\\Users\\USA\\Documents\\QueenPamela\\Open-Audit\\node_modules\\yaml',
npm warn cleanup     [Error: ENOTEMPTY: directory not empty, rmdir 'C:\Users\USA\Documents\QueenPamela\Open-Audit\node_modules\yaml\dist'] {
npm warn cleanup       errno: -4051,
npm warn cleanup       code: 'ENOTEMPTY',
npm warn cleanup       syscall: 'rmdir',
npm warn cleanup       path: 'C:\\Users\\USA\\Documents\\QueenPamela\\Open-Audit\\node_modules\\yaml\\dist'
npm warn cleanup     }
npm warn cleanup   ],
npm warn cleanup   [
npm warn cleanup     'C:\\Users\\USA\\Documents\\QueenPamela\\Open-Audit\\node_modules\\vite',
npm warn cleanup     [Error: ENOTEMPTY: directory not empty, rmdir 'C:\Users\USA\Documents\QueenPamela\Open-Audit\node_modules\vite\dist'] {
npm warn cleanup       errno: -4051,
npm warn cleanup       code: 'ENOTEMPTY',
npm warn cleanup       syscall: 'rmdir',
npm warn cleanup       path: 'C:\\Users\\USA\\Documents\\QueenPamela\\Open-Audit\\node_modules\\vite\\dist'
npm warn cleanup     }
npm warn cleanup   ],
npm warn cleanup   [
npm warn cleanup     'C:\\Users\\USA\\Documents\\QueenPamela\\Open-Audit\\node_modules\\@clickhouse\\client',
npm warn cleanup     [Error: ENOTEMPTY: directory not empty, rmdir 'C:\Users\USA\Documents\QueenPamela\Open-Audit\node_modules\@clickhouse\client\dist'] {
npm warn cleanup       errno: -4051,
npm warn cleanup       code: 'ENOTEMPTY',
npm warn cleanup       syscall: 'rmdir',
npm warn cleanup       path: 'C:\\Users\\USA\\Documents\\QueenPamela\\Open-Audit\\node_modules\\@clickhouse\\client\\dist'
npm warn cleanup     }
npm warn cleanup   ],
npm warn cleanup   [
npm warn cleanup     'C:\\Users\\USA\\Documents\\QueenPamela\\Open-Audit\\node_modules\\thriftrw',
npm warn cleanup     [Error: ENOTEMPTY: directory not empty, rmdir 'C:\Users\USA\Documents\QueenPamela\Open-Audit\node_modules\thriftrw'] {
npm warn cleanup       errno: -4051,
npm warn cleanup       code: 'ENOTEMPTY',
npm warn cleanup       syscall: 'rmdir',
npm warn cleanup       path: 'C:\\Users\\USA\\Documents\\QueenPamela\\Open-Audit\\node_modules\\thriftrw'
npm warn cleanup     }
npm warn cleanup   ],
npm warn cleanup   [
npm warn cleanup     'C:\\Users\\USA\\Documents\\QueenPamela\\Open-Audit\\node_modules\\msw',
npm warn cleanup     [Error: ENOTEMPTY: directory not empty, rmdir 'C:\Users\USA\Documents\QueenPamela\Open-Audit\node_modules\msw\node_modules'] {
npm warn cleanup       errno: -4051,
npm warn cleanup       code: 'ENOTEMPTY',
npm warn cleanup       syscall: 'rmdir',
npm warn cleanup       path: 'C:\\Users\\USA\\Documents\\QueenPamela\\Open-Audit\\node_modules\\msw\\node_modules'
npm warn cleanup     }
npm warn cleanup   ],
npm warn cleanup   [
npm warn cleanup     '\\\\?\\C:\\Users\\USA\\Documents\\QueenPamela\\Open-Audit\\node_modules\\next',
npm warn cleanup     [Error: ENOTEMPTY: directory not empty, rmdir 'C:\Users\USA\Documents\QueenPamela\Open-Audit\node_modules\next\dist'] {
npm warn cleanup       errno: -4051,
npm warn cleanup       code: 'ENOTEMPTY',
npm warn cleanup       syscall: 'rmdir',
npm warn cleanup       path: 'C:\\Users\\USA\\Documents\\QueenPamela\\Open-Audit\\node_modules\\next\\dist'
npm warn cleanup     }
npm warn cleanup   ],
npm warn cleanup   [
npm warn cleanup     'C:\\Users\\USA\\Documents\\QueenPamela\\Open-Audit\\node_modules\\next',
npm warn cleanup     [Error: ENOTEMPTY: directory not empty, rmdir 'C:\Users\USA\Documents\QueenPamela\Open-Audit\node_modules\next\dist'] {
npm warn cleanup       errno: -4051,
npm warn cleanup       code: 'ENOTEMPTY',
npm warn cleanup       syscall: 'rmdir',
npm warn cleanup       path: 'C:\\Users\\USA\\Documents\\QueenPamela\\Open-Audit\\node_modules\\next\\dist'
npm warn cleanup     }
npm warn cleanup   ]
npm warn cleanup ]
npm error code ENOENT
npm error syscall mkdir
npm error path C:\Users\USA\Documents\QueenPamela\Open-Audit\node_modules\why-is-node-running
npm error errno -4058
npm error enoent ENOENT: no such file or directory, mkdir 'C:\Users\USA\Documents\QueenPamela\Open-Audit\node_modules\why-is-node-running'
npm error enoent This is related to npm not being able to find a file.
npm error enoent
npm error A complete log of this run can be found in: C:\Users\USA\AppData\Local\npm-cache\_logs\2026-08-31T12_24_34_647Z-debug-0.log
